Year,SERIES,UNIT_MEASURE,Degree of urbanisation,Value
2011,Proportion of population living below the national poverty line,Percent,Total,17.1
2015,Proportion of population living below the national poverty line,Percent,Total,17.1
2021/2022,Proportion of population living below the national poverty line,Percent,Total,
2011,Proportion of households living below the poverty line,Percent,Total,16.1
2015,Proportion of households living below the poverty line,Percent,Total,16.1
2021/2022,Proportion of households living below the poverty line,Percent,Total,
