Year,SERIES,UNIT_MEASURE,Value
2016,"Countries with an allocation from the national budget to manage the threat of invasive alien species (1 = YES, 0 = NO)",Boolean or binary measure,0
2020,"Countries with an allocation from the national budget to manage the threat of invasive alien species (1 = YES, 0 = NO)",Boolean or binary measure,0
2010,"Legislation, Regulation, Act related to the prevention of introduction and management of Invasive Alien Species (1 = YES, 0 = NO)",Boolean or binary measure,0
2016,"Legislation, Regulation, Act related to the prevention of introduction and management of Invasive Alien Species (1 = YES, 0 = NO)",Boolean or binary measure,1
2020,"Legislation, Regulation, Act related to the prevention of introduction and management of Invasive Alien Species (1 = YES, 0 = NO)",Boolean or binary measure,1
2016,"National Biodiversity Strategy and Action Plan (NBSAP) targets alignment to Aichi Biodiversity target 9 set out in the Strategic Plan for Biodiversity 2011-2020 (1 = YES, 0 = NO)",Boolean or binary measure,1
2020,"National Biodiversity Strategy and Action Plan (NBSAP) targets alignment to Aichi Biodiversity target 9 set out in the Strategic Plan for Biodiversity 2011-2020 (1 = YES, 0 = NO)",Boolean or binary measure,1
2016,"Recipient countries of global funding with access to any funding from global financial mechanisms for projects related to invasive alien species  management (1 = YES, 0 = NO)",Boolean or binary measure,0
2020,"Recipient countries of global funding with access to any funding from global financial mechanisms for projects related to invasive alien species  management (1 = YES, 0 = NO)",Boolean or binary measure,0
