Year,SERIES,UNIT_MEASURE,Value
2015,Dollar value of all resources made available to strengthen statistical capacity in developing countries,(nominal United States dollars),1503906
2016,Dollar value of all resources made available to strengthen statistical capacity in developing countries,(nominal United States dollars),1705836
2017,Dollar value of all resources made available to strengthen statistical capacity in developing countries,(nominal United States dollars),2394915
2018,Dollar value of all resources made available to strengthen statistical capacity in developing countries,(nominal United States dollars),1090551
2019,Dollar value of all resources made available to strengthen statistical capacity in developing countries,(nominal United States dollars),2545063
2020,Dollar value of all resources made available to strengthen statistical capacity in developing countries,(nominal United States dollars),1109141
