Year,SERIES,UNIT_MEASURE,Age,Sex,Value
2017.0,Proportion of individuals using the Internet (%),Percent,Y16T74,,65.1
2018.0,Proportion of individuals using the Internet (%),Percent,Y16T74,,69.7
2019.0,Proportion of individuals using the Internet (%),Percent,Y16T74,,68.6
2020.0,Proportion of individuals using the Internet (%),Percent,Y16T74,,73.4
2021.0,Proportion of individuals using the Internet (%),Percent,Y16T74,,72.5
2022.0,Proportion of individuals using the Internet (%),Percent,Y16T74,,77.1
2023.0,Proportion of individuals using the Internet (%),Percent,Y16T74,,81.3
,,,,,
,,,,,
,,,,,
,,,,,
,,,,,
,,,,,
,,,,,
,,,,,
,,,,,
,,,,,
,,,,,
,,,,,
,,,,,
,,,,,
,,,,,
,,,,,
,,,,,
,,,,,
,,,,,
,,,,,
,,,,,
,,,,,
