Year,SERIES,UNIT_MEASURE,Age,Sex,Value
2018,"Adolescent birth rate (per 1,000 women aged 15-19 and 10-14 years)","Per 1,000 population",10 to 14 years old,Female,0.06
2019,"Adolescent birth rate (per 1,000 women aged 15-19 and 10-14 years)","Per 1,000 population",10 to 14 years old,Female,0.04
2018,"Adolescent birth rate (per 1,000 women aged 15-19 and 10-14 years)","Per 1,000 population",15 to 19 years old,Female,9.9
2019,"Adolescent birth rate (per 1,000 women aged 15-19 and 10-14 years)","Per 1,000 population",15 to 19 years old,Female,9.7
