Year,SERIES,UNIT_MEASURE,Sex,Value
2013.0,Mortality rate attributed to unintentional poisonings,"Per 100,000 population",Both sexes or no breakdown by sex,0.41
2014.0,Mortality rate attributed to unintentional poisonings,"Per 100,000 population",Both sexes or no breakdown by sex,0.36
2015.0,Mortality rate attributed to unintentional poisonings,"Per 100,000 population",Both sexes or no breakdown by sex,0.36
2016.0,Mortality rate attributed to unintentional poisonings,"Per 100,000 population",Both sexes or no breakdown by sex,0.14
2017.0,Mortality rate attributed to unintentional poisonings,"Per 100,000 population",Both sexes or no breakdown by sex,0.41
2018.0,Mortality rate attributed to unintentional poisonings,"Per 100,000 population",Both sexes or no breakdown by sex,0.27
2019.0,Mortality rate attributed to unintentional poisonings,"Per 100,000 population",Both sexes or no breakdown by sex,0.09
2020.0,Mortality rate attributed to unintentional poisonings,"Per 100,000 population",Both sexes or no breakdown by sex,0.37
2021.0,Mortality rate attributed to unintentional poisonings,"Per 100,000 population",Both sexes or no breakdown by sex,0.51
2022.0,Mortality rate attributed to unintentional poisonings,"Per 100,000 population",Both sexes or no breakdown by sex,0.14
,,,,
,,,,
