Year,SERIES,UNIT_MEASURE,Value
2014,"Total official flows for scholarships, by recipient countries (millions of constant 2021 United States dollars)",USD,2.058
2015,"Total official flows for scholarships, by recipient countries (millions of constant 2021 United States dollars)",USD,2.363
2016,"Total official flows for scholarships, by recipient countries (millions of constant 2021 United States dollars)",USD,1.8933
2017,"Total official flows for scholarships, by recipient countries (millions of constant 2021 United States dollars)",USD,3.0453
2018,"Total official flows for scholarships, by recipient countries (millions of constant 2021 United States dollars)",USD,4.3966
2019,"Total official flows for scholarships, by recipient countries (millions of constant 2021 United States dollars)",USD,5.6153
2020,"Total official flows for scholarships, by recipient countries (millions of constant 2021 United States dollars)",USD,3.6873
2021,"Total official flows for scholarships, by recipient countries (millions of constant 2021 United States dollars)",USD,3.4715
