Year,SERIES,UNIT_MEASURE,Stupanj urbanizacije,Value
2011,Udio stanovništva koje živi ispod nacionalne granice siromaštva,Postotak,Ukupno,17.1
2015,Udio stanovništva koje živi ispod nacionalne granice siromaštva,Postotak,Ukupno,17.1
2021/2022,Udio stanovništva koje živi ispod nacionalne granice siromaštva,Postotak,Ukupno,
2011,Procenat domaćinstava koji živi ispod linije siromaštva,Postotak,Ukupno,16.1
2015,Procenat domaćinstava koji živi ispod linije siromaštva,Postotak,Ukupno,16.1
2021/2022,Procenat domaćinstava koji živi ispod linije siromaštva,Postotak,Ukupno,
