Year,SERIES,UNIT_MEASURE,Value
2011,Prosječni troškovi doznake za slanje 200 USD u zemlju primatelja kao udio doznačenog iznosa (%),Postotak,13.93
2015,Prosječni troškovi doznake za slanje 200 USD u zemlju primatelja kao udio doznačenog iznosa (%),Postotak,7.28
2017,Prosječni troškovi doznake za slanje 200 USD u zemlju primatelja kao udio doznačenog iznosa (%),Postotak,6.5
2018,Prosječni troškovi doznake za slanje 200 USD u zemlju primatelja kao udio doznačenog iznosa (%),Postotak,6.9
2019,Prosječni troškovi doznake za slanje 200 USD u zemlju primatelja kao udio doznačenog iznosa (%),Postotak,7.44
2020,Prosječni troškovi doznake za slanje 200 USD u zemlju primatelja kao udio doznačenog iznosa (%),Postotak,7.27
2021,Prosječni troškovi doznake za slanje 200 USD u zemlju primatelja kao udio doznačenog iznosa (%),Postotak,6.94
