Year,SERIES,UNIT_MEASURE,COMPOSITE_BREAKDOWN,Value
2013.0,TX_EXP_PERCOUNT,Postotak,C_GER,18.8
2013.0,TX_EXP_PERCOUNT,Postotak,C_CRO,14.7
2013.0,TX_EXP_PERCOUNT,Postotak,C_ITA,10.6
2013.0,TX_EXP_PERCOUNT,Postotak,C_AUT,8.3
2013.0,TX_EXP_PERCOUNT,Postotak,C_SLO,7.9
2013.0,TX_EXP_PERCOUNT,Postotak,C_SRB,5.9
2013.0,TX_EXP_PERCOUNT,Postotak,C_MNE,2.7
2013.0,TX_EXP_PERCOUNT,Postotak,C_CZE,2.2
2013.0,TX_EXP_PERCOUNT,Postotak,C_TUR,2.1
2013.0,TX_EXP_PERCOUNT,Postotak,C_KOS,1.9
2013.0,TX_EXP_PERCOUNT,Postotak,OTH,25.0
,,,,
,,,,
,,,,
,,,,
,,,,
,,,,
,,,,
,,,,
,,,,
,,,,
,,,,
,,,,
,,,,
,,,,
,,,,
,,,,
,,,,
,,,,
,,,,
,,,,
,,,,
,,,,
,,,,
,,,,
,,,,
,,,,
,,,,
,,,,
,,,,
,,,,
,,,,
,,,,
,,,,
,,,,
,,,,
,,,,
,,,,
,,,,
,,,,
,,,,
,,,,
,,,,
,,,,
,,,,
,,,,
,,,,
,,,,
,,,,
,,,,
,,,,
,,,,
,,,,
,,,,
,,,,
,,,,
,,,,
,,,,
,,,,
,,,,
,,,,
,,,,
,,,,
,,,,
,,,,
,,,,
2020.0,Udio zemalja u razvoju i najmanje razvijenih zemalja u globalnom uvozu usluga (%),Postotak,,0.01065
2021.0,Udio zemalja u razvoju i najmanje razvijenih zemalja u globalnom uvozu usluga (%),Postotak,,0.01232
