Year,SERIES,UNIT_MEASURE,Godine,Value
2000,Djeca sa umjerenom ili ozbiljnom prekomjernom tjelesnom težinom (broj),Tisuće,Ispod 5 godina,40.3
2001,Djeca sa umjerenom ili ozbiljnom prekomjernom tjelesnom težinom (broj),Tisuće,Ispod 5 godina,42.9
2002,Djeca sa umjerenom ili ozbiljnom prekomjernom tjelesnom težinom (broj),Tisuće,Ispod 5 godina,43.8
2003,Djeca sa umjerenom ili ozbiljnom prekomjernom tjelesnom težinom (broj),Tisuće,Ispod 5 godina,43.9
2004,Djeca sa umjerenom ili ozbiljnom prekomjernom tjelesnom težinom (broj),Tisuće,Ispod 5 godina,43.7
2005,Djeca sa umjerenom ili ozbiljnom prekomjernom tjelesnom težinom (broj),Tisuće,Ispod 5 godina,43.6
2006,Djeca sa umjerenom ili ozbiljnom prekomjernom tjelesnom težinom (broj),Tisuće,Ispod 5 godina,43.2
2007,Djeca sa umjerenom ili ozbiljnom prekomjernom tjelesnom težinom (broj),Tisuće,Ispod 5 godina,42.4
2008,Djeca sa umjerenom ili ozbiljnom prekomjernom tjelesnom težinom (broj),Tisuće,Ispod 5 godina,41.3
2009,Djeca sa umjerenom ili ozbiljnom prekomjernom tjelesnom težinom (broj),Tisuće,Ispod 5 godina,39.9
2010,Djeca sa umjerenom ili ozbiljnom prekomjernom tjelesnom težinom (broj),Tisuće,Ispod 5 godina,38.0
2011,Djeca sa umjerenom ili ozbiljnom prekomjernom tjelesnom težinom (broj),Tisuće,Ispod 5 godina,35.9
2012,Djeca sa umjerenom ili ozbiljnom prekomjernom tjelesnom težinom (broj),Tisuće,Ispod 5 godina,33.6
2013,Djeca sa umjerenom ili ozbiljnom prekomjernom tjelesnom težinom (broj),Tisuće,Ispod 5 godina,31.0
2014,Djeca sa umjerenom ili ozbiljnom prekomjernom tjelesnom težinom (broj),Tisuće,Ispod 5 godina,28.2
2015,Djeca sa umjerenom ili ozbiljnom prekomjernom tjelesnom težinom (broj),Tisuće,Ispod 5 godina,25.4
2016,Djeca sa umjerenom ili ozbiljnom prekomjernom tjelesnom težinom (broj),Tisuće,Ispod 5 godina,22.8
2017,Djeca sa umjerenom ili ozbiljnom prekomjernom tjelesnom težinom (broj),Tisuće,Ispod 5 godina,20.6
2018,Djeca sa umjerenom ili ozbiljnom prekomjernom tjelesnom težinom (broj),Tisuće,Ispod 5 godina,18.6
2019,Djeca sa umjerenom ili ozbiljnom prekomjernom tjelesnom težinom (broj),Tisuće,Ispod 5 godina,17.1
2020,Djeca sa umjerenom ili ozbiljnom prekomjernom tjelesnom težinom (broj),Tisuće,Ispod 5 godina,15.0
2021,Djeca sa umjerenom ili ozbiljnom prekomjernom tjelesnom težinom (broj),Tisuće,Ispod 5 godina,14.9
2022,Djeca sa umjerenom ili ozbiljnom prekomjernom tjelesnom težinom (broj),Tisuće,Ispod 5 godina,14.0
2000,Udio djece sa umjerenom ili ozbiljnom prekomjernom tjelesnom težinom,Postotak,Ispod 5 godina,17.3
2001,Udio djece sa umjerenom ili ozbiljnom prekomjernom tjelesnom težinom,Postotak,Ispod 5 godina,18.7
2002,Udio djece sa umjerenom ili ozbiljnom prekomjernom tjelesnom težinom,Postotak,Ispod 5 godina,19.8
2003,Udio djece sa umjerenom ili ozbiljnom prekomjernom tjelesnom težinom,Postotak,Ispod 5 godina,20.8
2004,Udio djece sa umjerenom ili ozbiljnom prekomjernom tjelesnom težinom,Postotak,Ispod 5 godina,21.5
2005,Udio djece sa umjerenom ili ozbiljnom prekomjernom tjelesnom težinom,Postotak,Ispod 5 godina,22.0
2006,Udio djece sa umjerenom ili ozbiljnom prekomjernom tjelesnom težinom,Postotak,Ispod 5 godina,22.3
2007,Udio djece sa umjerenom ili ozbiljnom prekomjernom tjelesnom težinom,Postotak,Ispod 5 godina,22.2
2008,Udio djece sa umjerenom ili ozbiljnom prekomjernom tjelesnom težinom,Postotak,Ispod 5 godina,21.9
2009,Udio djece sa umjerenom ili ozbiljnom prekomjernom tjelesnom težinom,Postotak,Ispod 5 godina,21.3
2010,Udio djece sa umjerenom ili ozbiljnom prekomjernom tjelesnom težinom,Postotak,Ispod 5 godina,20.6
2011,Udio djece sa umjerenom ili ozbiljnom prekomjernom tjelesnom težinom,Postotak,Ispod 5 godina,19.7
2012,Udio djece sa umjerenom ili ozbiljnom prekomjernom tjelesnom težinom,Postotak,Ispod 5 godina,18.7
2013,Udio djece sa umjerenom ili ozbiljnom prekomjernom tjelesnom težinom,Postotak,Ispod 5 godina,17.5
2014,Udio djece sa umjerenom ili ozbiljnom prekomjernom tjelesnom težinom,Postotak,Ispod 5 godina,16.2
2015,Udio djece sa umjerenom ili ozbiljnom prekomjernom tjelesnom težinom,Postotak,Ispod 5 godina,14.9
2016,Udio djece sa umjerenom ili ozbiljnom prekomjernom tjelesnom težinom,Postotak,Ispod 5 godina,13.7
2017,Udio djece sa umjerenom ili ozbiljnom prekomjernom tjelesnom težinom,Postotak,Ispod 5 godina,12.6
2018,Udio djece sa umjerenom ili ozbiljnom prekomjernom tjelesnom težinom,Postotak,Ispod 5 godina,11.6
2019,Udio djece sa umjerenom ili ozbiljnom prekomjernom tjelesnom težinom,Postotak,Ispod 5 godina,10.7
2020,Udio djece sa umjerenom ili ozbiljnom prekomjernom tjelesnom težinom,Postotak,Ispod 5 godina,10.1
2021,Udio djece sa umjerenom ili ozbiljnom prekomjernom tjelesnom težinom,Postotak,Ispod 5 godina,9.7
2022,Udio djece sa umjerenom ili ozbiljnom prekomjernom tjelesnom težinom,Postotak,Ispod 5 godina,9.4
2000,Udio djece koja su umjereno ili ozbiljno iscrpljena,Postotak,Ispod 5 godina,7.4
2006,Udio djece koja su umjereno ili ozbiljno iscrpljena,Postotak,Ispod 5 godina,4.0
2012,Udio djece koja su umjereno ili ozbiljno iscrpljena,Postotak,Ispod 5 godina,2.3
