Year,SERIES,UNIT_MEASURE,Godine,Spol,Value
2015,Potrošnja alkohola po stanovniku (starosti od 15 godina i više) u kalendarskoj godini,Litri,15 godina i više,Oba spola ili bez podjele po spolu,5.9544
2019,Potrošnja alkohola po stanovniku (starosti od 15 godina i više) u kalendarskoj godini,Litri,15 godina i više,Oba spola ili bez podjele po spolu,6.3848
2015,Potrošnja alkohola po stanovniku (starosti od 15 godina i više) u kalendarskoj godini,Litri,15 godina i više,Žene,2.0829
2019,Potrošnja alkohola po stanovniku (starosti od 15 godina i više) u kalendarskoj godini,Litri,15 godina i više,Žene,2.2337
2015,Potrošnja alkohola po stanovniku (starosti od 15 godina i više) u kalendarskoj godini,Litri,15 godina i više,Muškarci,10.0555
2019,Potrošnja alkohola po stanovniku (starosti od 15 godina i više) u kalendarskoj godini,Litri,15 godina i više,Muškarci,10.7454
