Year,SERIES,UNIT_MEASURE,Value
2019,Stopa mortaliteta koja se pripisuje zagađenju okolnog zraka,Na 100 000 stanovnika,55.0
2019,Stopa smrtnosti koja se pripisuje zagađenjem zraka kućanstava,Na 100 000 stanovnika,72.0
2019,Starosno standardizirana stopa smrtnosti koja se pripisuje zagađenju kućanstva i okolnog zraka (umrli na 100 000 stanovnika),Na 100 000 stanovnika,114.0
2016,Stopa sirovog mortaliteta koja se pripisuje zagađenju okolnog zraka,Na 100 000 stanovnika,
2016,Sirova stopa smrtnosti koja se pripisuje zagađenjem zraka kućanstava,Na 100 000 stanovnika,
2016,Stopa smrtnosti koja se pripisuje zagađenju kućanstva i okolnog zraka,Na 100 000 stanovnika,
