Year,SERIES,UNIT_MEASURE,COMPOSITE_BREAKDOWN,Spol,Value
2011-2012,SE_DEV_ONTRK36-59,Postotak,early_childhood_dev_ind,Oba spola ili bez podjele po spolu,95.6
2011-2012,SE_DEV_ONTRK36-59,Postotak,literacy,Oba spola ili bez podjele po spolu,26.7
2011-2012,SE_DEV_ONTRK36-59,Postotak,p_dev,Oba spola ili bez podjele po spolu,99.5
2011-2012,SE_DEV_ONTRK36-59,Postotak,soc_dev,Oba spola ili bez podjele po spolu,93.9
2011-2012,SE_DEV_ONTRK36-59,Postotak,learning,Oba spola ili bez podjele po spolu,99.1
,,,,,
