Year,SERIES,UNIT_MEASURE,Spol,Godine,Razina obrazovanja,Value
2013.0,POP_EDU,Postotak,Oba spola ili bez podjele po spolu,Svi dobni rasponi ili nema podjele po godinama,NO_EDU,4.4
2013.0,POP_EDU,Postotak,Muškarci,Svi dobni rasponi ili nema podjele po godinama,NO_EDU,1.5
2013.0,POP_EDU,Postotak,Žene,Svi dobni rasponi ili nema podjele po godinama,NO_EDU,7.2
2013.0,POP_EDU,Postotak,Oba spola ili bez podjele po spolu,Svi dobni rasponi ili nema podjele po godinama,INC_PRIM_EDU,9.0
2013.0,POP_EDU,Postotak,Muškarci,Svi dobni rasponi ili nema podjele po godinama,INC_PRIM_EDU,5.1
2013.0,POP_EDU,Postotak,Žene,Svi dobni rasponi ili nema podjele po godinama,INC_PRIM_EDU,12.7
2013.0,POP_EDU,Postotak,Oba spola ili bez podjele po spolu,Svi dobni rasponi ili nema podjele po godinama,Osnovno obrazovanje,21.5
2013.0,POP_EDU,Postotak,Muškarci,Svi dobni rasponi ili nema podjele po godinama,Osnovno obrazovanje,18.4
2013.0,POP_EDU,Postotak,Žene,Svi dobni rasponi ili nema podjele po godinama,Osnovno obrazovanje,24.6
2013.0,POP_EDU,Postotak,Oba spola ili bez podjele po spolu,Svi dobni rasponi ili nema podjele po godinama,MID_SCH,51.1
2013.0,POP_EDU,Postotak,Muškarci,Svi dobni rasponi ili nema podjele po godinama,MID_SCH,60.5
2013.0,POP_EDU,Postotak,Žene,Svi dobni rasponi ili nema podjele po godinama,MID_SCH,42.3
2013.0,POP_EDU,Postotak,Oba spola ili bez podjele po spolu,Svi dobni rasponi ili nema podjele po godinama,UNI_SCH,10.1
2013.0,POP_EDU,Postotak,Muškarci,Svi dobni rasponi ili nema podjele po godinama,UNI_SCH,9.9
2013.0,POP_EDU,Postotak,Žene,Svi dobni rasponi ili nema podjele po godinama,UNI_SCH,10.3
2013.0,POP_EDU,Postotak,Oba spola ili bez podjele po spolu,Svi dobni rasponi ili nema podjele po godinama,SPEC_HIGH,0.7
2013.0,POP_EDU,Postotak,Muškarci,Svi dobni rasponi ili nema podjele po godinama,SPEC_HIGH,1.2
2013.0,POP_EDU,Postotak,Žene,Svi dobni rasponi ili nema podjele po godinama,SPEC_HIGH,0.2
2013.0,POP_EDU,Postotak,Oba spola ili bez podjele po spolu,Svi dobni rasponi ili nema podjele po godinama,HIGH_SCH,3.0
2013.0,POP_EDU,Postotak,Muškarci,Svi dobni rasponi ili nema podjele po godinama,HIGH_SCH,3.4
2013.0,POP_EDU,Postotak,Žene,Svi dobni rasponi ili nema podjele po godinama,HIGH_SCH,2.7
2013.0,POP_HIGH_EDU,Postotak,Oba spola ili bez podjele po spolu,Svi dobni rasponi ili nema podjele po godinama,,10.8
2013.0,POP_HIGH_EDU,Postotak,Muškarci,Svi dobni rasponi ili nema podjele po godinama,,10.6
2013.0,POP_HIGH_EDU,Postotak,Žene,Svi dobni rasponi ili nema podjele po godinama,,11.0
2013.0,POP_HIGH_EDU,Postotak,Oba spola ili bez podjele po spolu,Y20T29,,20.0
2013.0,POP_HIGH_EDU,Postotak,Muškarci,Y20T29,,15.0
2013.0,POP_HIGH_EDU,Postotak,Žene,Y20T29,,25.2
2013.0,POP_HIGH_EDU,Postotak,Oba spola ili bez podjele po spolu,Y30T39,,16.5
2013.0,POP_HIGH_EDU,Postotak,Muškarci,Y30T39,,14.0
2013.0,POP_HIGH_EDU,Postotak,Žene,Y30T39,,19.1
2013.0,POP_HIGH_EDU,Postotak,Oba spola ili bez podjele po spolu,Y40T49,,9.1
2013.0,POP_HIGH_EDU,Postotak,Muškarci,Y40T49,,9.1
2013.0,POP_HIGH_EDU,Postotak,Žene,Y40T49,,9.1
2013.0,POP_HIGH_EDU,Postotak,Oba spola ili bez podjele po spolu,Y50T59,,9.2
2013.0,POP_HIGH_EDU,Postotak,Muškarci,Y50T59,,10.8
2013.0,POP_HIGH_EDU,Postotak,Žene,Y50T59,,7.6
2013.0,POP_HIGH_EDU,Postotak,Oba spola ili bez podjele po spolu,Y60T69,,5.0
2013.0,POP_HIGH_EDU,Postotak,Muškarci,Y60T69,,6.6
2013.0,POP_HIGH_EDU,Postotak,Žene,Y60T69,,3.5
2013.0,POP_HIGH_EDU,Postotak,Oba spola ili bez podjele po spolu,Y_GE70,,3.8
2013.0,POP_HIGH_EDU,Postotak,Muškarci,Y_GE70,,6.5
2013.0,POP_HIGH_EDU,Postotak,Žene,Y_GE70,,1.9
,,,,,,
,,,,,,
,,,,,,
,,,,,,
,,,,,,
,,,,,,
,,,,,,
,,,,,,
,,,,,,
,,,,,,
,,,,,,
,,,,,,
,,,,,,
,,,,,,
,,,,,,
,,,,,,
,,,,,,
,,,,,,
,,,,,,
,,,,,,
,,,,,,
,,,,,,
,,,,,,
,,,,,,
,,,,,,
,,,,,,
,,,,,,
,,,,,,
,,,,,,
,,,,,,
,,,,,,
,,,,,,
,,,,,,
,,,,,,
,,,,,,
