Year,SERIES,UNIT_MEASURE,Spol,Zanimanje,Value
2006,Prosječna zarada po satu zaposlenih prema spolu i zanimanju (nacionalna valuta),u KM,Oba spola ili bez podjele po spolu,Sva zanimanja,2.9
2007,Prosječna zarada po satu zaposlenih prema spolu i zanimanju (nacionalna valuta),u KM,Oba spola ili bez podjele po spolu,Sva zanimanja,3.07
2008,Prosječna zarada po satu zaposlenih prema spolu i zanimanju (nacionalna valuta),u KM,Oba spola ili bez podjele po spolu,Sva zanimanja,3.06
2009,Prosječna zarada po satu zaposlenih prema spolu i zanimanju (nacionalna valuta),u KM,Oba spola ili bez podjele po spolu,Sva zanimanja,3.93
2010,Prosječna zarada po satu zaposlenih prema spolu i zanimanju (nacionalna valuta),u KM,Oba spola ili bez podjele po spolu,Sva zanimanja,4.02
2011,Prosječna zarada po satu zaposlenih prema spolu i zanimanju (nacionalna valuta),u KM,Oba spola ili bez podjele po spolu,Sva zanimanja,4.79
2012,Prosječna zarada po satu zaposlenih prema spolu i zanimanju (nacionalna valuta),u KM,Oba spola ili bez podjele po spolu,Sva zanimanja,4.23
2013,Prosječna zarada po satu zaposlenih prema spolu i zanimanju (nacionalna valuta),u KM,Oba spola ili bez podjele po spolu,Sva zanimanja,4.33
2014,Prosječna zarada po satu zaposlenih prema spolu i zanimanju (nacionalna valuta),u KM,Oba spola ili bez podjele po spolu,Sva zanimanja,4.27
2015,Prosječna zarada po satu zaposlenih prema spolu i zanimanju (nacionalna valuta),u KM,Oba spola ili bez podjele po spolu,Sva zanimanja,4.44
2016,Prosječna zarada po satu zaposlenih prema spolu i zanimanju (nacionalna valuta),u KM,Oba spola ili bez podjele po spolu,Sva zanimanja,4.24
2020,Prosječna zarada po satu zaposlenih prema spolu i zanimanju (nacionalna valuta),u KM,Oba spola ili bez podjele po spolu,Sva zanimanja,8.44
2021,Prosječna zarada po satu zaposlenih prema spolu i zanimanju (nacionalna valuta),u KM,Oba spola ili bez podjele po spolu,Sva zanimanja,7.39
2010,Prosječna zarada po satu zaposlenih prema spolu i zanimanju (nacionalna valuta),u KM,Oba spola ili bez podjele po spolu,Zanimanja oružanih snaga,4.98
2011,Prosječna zarada po satu zaposlenih prema spolu i zanimanju (nacionalna valuta),u KM,Oba spola ili bez podjele po spolu,Zanimanja oružanih snaga,5.03
2012,Prosječna zarada po satu zaposlenih prema spolu i zanimanju (nacionalna valuta),u KM,Oba spola ili bez podjele po spolu,Zanimanja oružanih snaga,4.71
2013,Prosječna zarada po satu zaposlenih prema spolu i zanimanju (nacionalna valuta),u KM,Oba spola ili bez podjele po spolu,Zanimanja oružanih snaga,4.63
2014,Prosječna zarada po satu zaposlenih prema spolu i zanimanju (nacionalna valuta),u KM,Oba spola ili bez podjele po spolu,Zanimanja oružanih snaga,5.47
2015,Prosječna zarada po satu zaposlenih prema spolu i zanimanju (nacionalna valuta),u KM,Oba spola ili bez podjele po spolu,Zanimanja oružanih snaga,4.7
2016,Prosječna zarada po satu zaposlenih prema spolu i zanimanju (nacionalna valuta),u KM,Oba spola ili bez podjele po spolu,Zanimanja oružanih snaga,5.28
2020,Prosječna zarada po satu zaposlenih prema spolu i zanimanju (nacionalna valuta),u KM,Oba spola ili bez podjele po spolu,Zanimanja oružanih snaga,8.27
2021,Prosječna zarada po satu zaposlenih prema spolu i zanimanju (nacionalna valuta),u KM,Oba spola ili bez podjele po spolu,Zanimanja oružanih snaga,9.02
2010,Prosječna zarada po satu zaposlenih prema spolu i zanimanju (nacionalna valuta),u KM,Oba spola ili bez podjele po spolu,Menadžeri,6.2
2011,Prosječna zarada po satu zaposlenih prema spolu i zanimanju (nacionalna valuta),u KM,Oba spola ili bez podjele po spolu,Menadžeri,6.85
2012,Prosječna zarada po satu zaposlenih prema spolu i zanimanju (nacionalna valuta),u KM,Oba spola ili bez podjele po spolu,Menadžeri,6.84
2013,Prosječna zarada po satu zaposlenih prema spolu i zanimanju (nacionalna valuta),u KM,Oba spola ili bez podjele po spolu,Menadžeri,7.5
2014,Prosječna zarada po satu zaposlenih prema spolu i zanimanju (nacionalna valuta),u KM,Oba spola ili bez podjele po spolu,Menadžeri,7.32
2015,Prosječna zarada po satu zaposlenih prema spolu i zanimanju (nacionalna valuta),u KM,Oba spola ili bez podjele po spolu,Menadžeri,8.41
2016,Prosječna zarada po satu zaposlenih prema spolu i zanimanju (nacionalna valuta),u KM,Oba spola ili bez podjele po spolu,Menadžeri,7.51
2020,Prosječna zarada po satu zaposlenih prema spolu i zanimanju (nacionalna valuta),u KM,Oba spola ili bez podjele po spolu,Menadžeri,10.89
2021,Prosječna zarada po satu zaposlenih prema spolu i zanimanju (nacionalna valuta),u KM,Oba spola ili bez podjele po spolu,Menadžeri,10.11
2010,Prosječna zarada po satu zaposlenih prema spolu i zanimanju (nacionalna valuta),u KM,Oba spola ili bez podjele po spolu,Profesionalci,6.52
2011,Prosječna zarada po satu zaposlenih prema spolu i zanimanju (nacionalna valuta),u KM,Oba spola ili bez podjele po spolu,Profesionalci,7.26
2012,Prosječna zarada po satu zaposlenih prema spolu i zanimanju (nacionalna valuta),u KM,Oba spola ili bez podjele po spolu,Profesionalci,7.04
2013,Prosječna zarada po satu zaposlenih prema spolu i zanimanju (nacionalna valuta),u KM,Oba spola ili bez podjele po spolu,Profesionalci,6.51
2014,Prosječna zarada po satu zaposlenih prema spolu i zanimanju (nacionalna valuta),u KM,Oba spola ili bez podjele po spolu,Profesionalci,6.22
2015,Prosječna zarada po satu zaposlenih prema spolu i zanimanju (nacionalna valuta),u KM,Oba spola ili bez podjele po spolu,Profesionalci,7.05
2016,Prosječna zarada po satu zaposlenih prema spolu i zanimanju (nacionalna valuta),u KM,Oba spola ili bez podjele po spolu,Profesionalci,5.89
2020,Prosječna zarada po satu zaposlenih prema spolu i zanimanju (nacionalna valuta),u KM,Oba spola ili bez podjele po spolu,Profesionalci,10.22
2021,Prosječna zarada po satu zaposlenih prema spolu i zanimanju (nacionalna valuta),u KM,Oba spola ili bez podjele po spolu,Profesionalci,10.12
2010,Prosječna zarada po satu zaposlenih prema spolu i zanimanju (nacionalna valuta),u KM,Oba spola ili bez podjele po spolu,Tehničari i pridruženi profesionalci,4.57
2011,Prosječna zarada po satu zaposlenih prema spolu i zanimanju (nacionalna valuta),u KM,Oba spola ili bez podjele po spolu,Tehničari i pridruženi profesionalci,4.84
2012,Prosječna zarada po satu zaposlenih prema spolu i zanimanju (nacionalna valuta),u KM,Oba spola ili bez podjele po spolu,Tehničari i pridruženi profesionalci,4.44
2013,Prosječna zarada po satu zaposlenih prema spolu i zanimanju (nacionalna valuta),u KM,Oba spola ili bez podjele po spolu,Tehničari i pridruženi profesionalci,4.93
2014,Prosječna zarada po satu zaposlenih prema spolu i zanimanju (nacionalna valuta),u KM,Oba spola ili bez podjele po spolu,Tehničari i pridruženi profesionalci,4.58
2015,Prosječna zarada po satu zaposlenih prema spolu i zanimanju (nacionalna valuta),u KM,Oba spola ili bez podjele po spolu,Tehničari i pridruženi profesionalci,4.64
2016,Prosječna zarada po satu zaposlenih prema spolu i zanimanju (nacionalna valuta),u KM,Oba spola ili bez podjele po spolu,Tehničari i pridruženi profesionalci,4.44
2020,Prosječna zarada po satu zaposlenih prema spolu i zanimanju (nacionalna valuta),u KM,Oba spola ili bez podjele po spolu,Tehničari i pridruženi profesionalci,8.5
2021,Prosječna zarada po satu zaposlenih prema spolu i zanimanju (nacionalna valuta),u KM,Oba spola ili bez podjele po spolu,Tehničari i pridruženi profesionalci,8.23
2010,Prosječna zarada po satu zaposlenih prema spolu i zanimanju (nacionalna valuta),u KM,Oba spola ili bez podjele po spolu,Službenici hitne pomoći,3.65
2011,Prosječna zarada po satu zaposlenih prema spolu i zanimanju (nacionalna valuta),u KM,Oba spola ili bez podjele po spolu,Službenici hitne pomoći,7.73
2012,Prosječna zarada po satu zaposlenih prema spolu i zanimanju (nacionalna valuta),u KM,Oba spola ili bez podjele po spolu,Službenici hitne pomoći,4.4
2013,Prosječna zarada po satu zaposlenih prema spolu i zanimanju (nacionalna valuta),u KM,Oba spola ili bez podjele po spolu,Službenici hitne pomoći,4.11
2014,Prosječna zarada po satu zaposlenih prema spolu i zanimanju (nacionalna valuta),u KM,Oba spola ili bez podjele po spolu,Službenici hitne pomoći,4.74
2015,Prosječna zarada po satu zaposlenih prema spolu i zanimanju (nacionalna valuta),u KM,Oba spola ili bez podjele po spolu,Službenici hitne pomoći,4.28
2016,Prosječna zarada po satu zaposlenih prema spolu i zanimanju (nacionalna valuta),u KM,Oba spola ili bez podjele po spolu,Službenici hitne pomoći,4.9
2020,Prosječna zarada po satu zaposlenih prema spolu i zanimanju (nacionalna valuta),u KM,Oba spola ili bez podjele po spolu,Službenici hitne pomoći,8.11
2021,Prosječna zarada po satu zaposlenih prema spolu i zanimanju (nacionalna valuta),u KM,Oba spola ili bez podjele po spolu,Službenici hitne pomoći,8.62
2010,Prosječna zarada po satu zaposlenih prema spolu i zanimanju (nacionalna valuta),u KM,Oba spola ili bez podjele po spolu,Uslužni i prodajni radnici,2.96
2011,Prosječna zarada po satu zaposlenih prema spolu i zanimanju (nacionalna valuta),u KM,Oba spola ili bez podjele po spolu,Uslužni i prodajni radnici,3.52
2012,Prosječna zarada po satu zaposlenih prema spolu i zanimanju (nacionalna valuta),u KM,Oba spola ili bez podjele po spolu,Uslužni i prodajni radnici,2.96
2013,Prosječna zarada po satu zaposlenih prema spolu i zanimanju (nacionalna valuta),u KM,Oba spola ili bez podjele po spolu,Uslužni i prodajni radnici,3.28
2014,Prosječna zarada po satu zaposlenih prema spolu i zanimanju (nacionalna valuta),u KM,Oba spola ili bez podjele po spolu,Uslužni i prodajni radnici,3.44
2015,Prosječna zarada po satu zaposlenih prema spolu i zanimanju (nacionalna valuta),u KM,Oba spola ili bez podjele po spolu,Uslužni i prodajni radnici,3.36
2016,Prosječna zarada po satu zaposlenih prema spolu i zanimanju (nacionalna valuta),u KM,Oba spola ili bez podjele po spolu,Uslužni i prodajni radnici,3.39
2020,Prosječna zarada po satu zaposlenih prema spolu i zanimanju (nacionalna valuta),u KM,Oba spola ili bez podjele po spolu,Uslužni i prodajni radnici,6.1
2021,Prosječna zarada po satu zaposlenih prema spolu i zanimanju (nacionalna valuta),u KM,Oba spola ili bez podjele po spolu,Uslužni i prodajni radnici,5.87
2010,Prosječna zarada po satu zaposlenih prema spolu i zanimanju (nacionalna valuta),u KM,Oba spola ili bez podjele po spolu,"KV kvalificirani radnici u poljoprivredi, šumarstvu i ribarstvu",3.25
2011,Prosječna zarada po satu zaposlenih prema spolu i zanimanju (nacionalna valuta),u KM,Oba spola ili bez podjele po spolu,"KV kvalificirani radnici u poljoprivredi, šumarstvu i ribarstvu",3.21
2012,Prosječna zarada po satu zaposlenih prema spolu i zanimanju (nacionalna valuta),u KM,Oba spola ili bez podjele po spolu,"KV kvalificirani radnici u poljoprivredi, šumarstvu i ribarstvu",3.45
2013,Prosječna zarada po satu zaposlenih prema spolu i zanimanju (nacionalna valuta),u KM,Oba spola ili bez podjele po spolu,"KV kvalificirani radnici u poljoprivredi, šumarstvu i ribarstvu",3.15
2014,Prosječna zarada po satu zaposlenih prema spolu i zanimanju (nacionalna valuta),u KM,Oba spola ili bez podjele po spolu,"KV kvalificirani radnici u poljoprivredi, šumarstvu i ribarstvu",3.67
2015,Prosječna zarada po satu zaposlenih prema spolu i zanimanju (nacionalna valuta),u KM,Oba spola ili bez podjele po spolu,"KV kvalificirani radnici u poljoprivredi, šumarstvu i ribarstvu",3.18
2016,Prosječna zarada po satu zaposlenih prema spolu i zanimanju (nacionalna valuta),u KM,Oba spola ili bez podjele po spolu,"KV kvalificirani radnici u poljoprivredi, šumarstvu i ribarstvu",4.11
2020,Prosječna zarada po satu zaposlenih prema spolu i zanimanju (nacionalna valuta),u KM,Oba spola ili bez podjele po spolu,"KV kvalificirani radnici u poljoprivredi, šumarstvu i ribarstvu",6.93
2021,Prosječna zarada po satu zaposlenih prema spolu i zanimanju (nacionalna valuta),u KM,Oba spola ili bez podjele po spolu,"KV kvalificirani radnici u poljoprivredi, šumarstvu i ribarstvu",6.98
2010,Prosječna zarada po satu zaposlenih prema spolu i zanimanju (nacionalna valuta),u KM,Oba spola ili bez podjele po spolu,Zanatski i srodni radnici,3.62
2011,Prosječna zarada po satu zaposlenih prema spolu i zanimanju (nacionalna valuta),u KM,Oba spola ili bez podjele po spolu,Zanatski i srodni radnici,3.68
2012,Prosječna zarada po satu zaposlenih prema spolu i zanimanju (nacionalna valuta),u KM,Oba spola ili bez podjele po spolu,Zanatski i srodni radnici,4.08
2013,Prosječna zarada po satu zaposlenih prema spolu i zanimanju (nacionalna valuta),u KM,Oba spola ili bez podjele po spolu,Zanatski i srodni radnici,3.81
2014,Prosječna zarada po satu zaposlenih prema spolu i zanimanju (nacionalna valuta),u KM,Oba spola ili bez podjele po spolu,Zanatski i srodni radnici,3.92
2015,Prosječna zarada po satu zaposlenih prema spolu i zanimanju (nacionalna valuta),u KM,Oba spola ili bez podjele po spolu,Zanatski i srodni radnici,3.75
2016,Prosječna zarada po satu zaposlenih prema spolu i zanimanju (nacionalna valuta),u KM,Oba spola ili bez podjele po spolu,Zanatski i srodni radnici,4.02
2020,Prosječna zarada po satu zaposlenih prema spolu i zanimanju (nacionalna valuta),u KM,Oba spola ili bez podjele po spolu,Zanatski i srodni radnici,10.88
2021,Prosječna zarada po satu zaposlenih prema spolu i zanimanju (nacionalna valuta),u KM,Oba spola ili bez podjele po spolu,Zanatski i srodni radnici,6.84
2010,Prosječna zarada po satu zaposlenih prema spolu i zanimanju (nacionalna valuta),u KM,Oba spola ili bez podjele po spolu,"Operateri postrojenja i strojeva, te monteri",3.65
2011,Prosječna zarada po satu zaposlenih prema spolu i zanimanju (nacionalna valuta),u KM,Oba spola ili bez podjele po spolu,"Operateri postrojenja i strojeva, te monteri",3.7
2012,Prosječna zarada po satu zaposlenih prema spolu i zanimanju (nacionalna valuta),u KM,Oba spola ili bez podjele po spolu,"Operateri postrojenja i strojeva, te monteri",3.64
2013,Prosječna zarada po satu zaposlenih prema spolu i zanimanju (nacionalna valuta),u KM,Oba spola ili bez podjele po spolu,"Operateri postrojenja i strojeva, te monteri",3.58
2014,Prosječna zarada po satu zaposlenih prema spolu i zanimanju (nacionalna valuta),u KM,Oba spola ili bez podjele po spolu,"Operateri postrojenja i strojeva, te monteri",3.61
2015,Prosječna zarada po satu zaposlenih prema spolu i zanimanju (nacionalna valuta),u KM,Oba spola ili bez podjele po spolu,"Operateri postrojenja i strojeva, te monteri",3.89
2016,Prosječna zarada po satu zaposlenih prema spolu i zanimanju (nacionalna valuta),u KM,Oba spola ili bez podjele po spolu,"Operateri postrojenja i strojeva, te monteri",3.69
2020,Prosječna zarada po satu zaposlenih prema spolu i zanimanju (nacionalna valuta),u KM,Oba spola ili bez podjele po spolu,"Operateri postrojenja i strojeva, te monteri",8.45
2021,Prosječna zarada po satu zaposlenih prema spolu i zanimanju (nacionalna valuta),u KM,Oba spola ili bez podjele po spolu,"Operateri postrojenja i strojeva, te monteri",7.22
2010,Prosječna zarada po satu zaposlenih prema spolu i zanimanju (nacionalna valuta),u KM,Oba spola ili bez podjele po spolu,Osnovna zanimanja,3.01
2011,Prosječna zarada po satu zaposlenih prema spolu i zanimanju (nacionalna valuta),u KM,Oba spola ili bez podjele po spolu,Osnovna zanimanja,3.63
2012,Prosječna zarada po satu zaposlenih prema spolu i zanimanju (nacionalna valuta),u KM,Oba spola ili bez podjele po spolu,Osnovna zanimanja,3.15
2013,Prosječna zarada po satu zaposlenih prema spolu i zanimanju (nacionalna valuta),u KM,Oba spola ili bez podjele po spolu,Osnovna zanimanja,3.81
2014,Prosječna zarada po satu zaposlenih prema spolu i zanimanju (nacionalna valuta),u KM,Oba spola ili bez podjele po spolu,Osnovna zanimanja,3.19
2015,Prosječna zarada po satu zaposlenih prema spolu i zanimanju (nacionalna valuta),u KM,Oba spola ili bez podjele po spolu,Osnovna zanimanja,4.25
2016,Prosječna zarada po satu zaposlenih prema spolu i zanimanju (nacionalna valuta),u KM,Oba spola ili bez podjele po spolu,Osnovna zanimanja,3.42
2020,Prosječna zarada po satu zaposlenih prema spolu i zanimanju (nacionalna valuta),u KM,Oba spola ili bez podjele po spolu,Osnovna zanimanja,6.05
2021,Prosječna zarada po satu zaposlenih prema spolu i zanimanju (nacionalna valuta),u KM,Oba spola ili bez podjele po spolu,Osnovna zanimanja,5.72
2010,Prosječna zarada po satu zaposlenih prema spolu i zanimanju (nacionalna valuta),u KM,Žene,Sva zanimanja,3.96
2011,Prosječna zarada po satu zaposlenih prema spolu i zanimanju (nacionalna valuta),u KM,Žene,Sva zanimanja,4.99
2012,Prosječna zarada po satu zaposlenih prema spolu i zanimanju (nacionalna valuta),u KM,Žene,Sva zanimanja,4.26
2013,Prosječna zarada po satu zaposlenih prema spolu i zanimanju (nacionalna valuta),u KM,Žene,Sva zanimanja,4.22
2014,Prosječna zarada po satu zaposlenih prema spolu i zanimanju (nacionalna valuta),u KM,Žene,Sva zanimanja,4.05
2015,Prosječna zarada po satu zaposlenih prema spolu i zanimanju (nacionalna valuta),u KM,Žene,Sva zanimanja,4.61
2016,Prosječna zarada po satu zaposlenih prema spolu i zanimanju (nacionalna valuta),u KM,Žene,Sva zanimanja,4.01
2020,Prosječna zarada po satu zaposlenih prema spolu i zanimanju (nacionalna valuta),u KM,Žene,Sva zanimanja,7.3
2021,Prosječna zarada po satu zaposlenih prema spolu i zanimanju (nacionalna valuta),u KM,Žene,Sva zanimanja,6.98
2020,Prosječna zarada po satu zaposlenih prema spolu i zanimanju (nacionalna valuta),u KM,Žene,Zanimanja oružanih snaga,11.1
2021,Prosječna zarada po satu zaposlenih prema spolu i zanimanju (nacionalna valuta),u KM,Žene,Zanimanja oružanih snaga,7.58
2010,Prosječna zarada po satu zaposlenih prema spolu i zanimanju (nacionalna valuta),u KM,Žene,Menadžeri,4.66
2011,Prosječna zarada po satu zaposlenih prema spolu i zanimanju (nacionalna valuta),u KM,Žene,Menadžeri,5.87
2012,Prosječna zarada po satu zaposlenih prema spolu i zanimanju (nacionalna valuta),u KM,Žene,Menadžeri,7.07
2013,Prosječna zarada po satu zaposlenih prema spolu i zanimanju (nacionalna valuta),u KM,Žene,Menadžeri,6.58
2014,Prosječna zarada po satu zaposlenih prema spolu i zanimanju (nacionalna valuta),u KM,Žene,Menadžeri,7.33
2015,Prosječna zarada po satu zaposlenih prema spolu i zanimanju (nacionalna valuta),u KM,Žene,Menadžeri,7.58
2016,Prosječna zarada po satu zaposlenih prema spolu i zanimanju (nacionalna valuta),u KM,Žene,Menadžeri,6.94
2020,Prosječna zarada po satu zaposlenih prema spolu i zanimanju (nacionalna valuta),u KM,Žene,Menadžeri,10.44
2021,Prosječna zarada po satu zaposlenih prema spolu i zanimanju (nacionalna valuta),u KM,Žene,Menadžeri,9.39
2010,Prosječna zarada po satu zaposlenih prema spolu i zanimanju (nacionalna valuta),u KM,Žene,Profesionalci,6.44
2011,Prosječna zarada po satu zaposlenih prema spolu i zanimanju (nacionalna valuta),u KM,Žene,Profesionalci,7.02
2012,Prosječna zarada po satu zaposlenih prema spolu i zanimanju (nacionalna valuta),u KM,Žene,Profesionalci,8.0
2013,Prosječna zarada po satu zaposlenih prema spolu i zanimanju (nacionalna valuta),u KM,Žene,Profesionalci,5.82
2014,Prosječna zarada po satu zaposlenih prema spolu i zanimanju (nacionalna valuta),u KM,Žene,Profesionalci,5.93
2015,Prosječna zarada po satu zaposlenih prema spolu i zanimanju (nacionalna valuta),u KM,Žene,Profesionalci,7.18
2016,Prosječna zarada po satu zaposlenih prema spolu i zanimanju (nacionalna valuta),u KM,Žene,Profesionalci,5.46
2020,Prosječna zarada po satu zaposlenih prema spolu i zanimanju (nacionalna valuta),u KM,Žene,Profesionalci,10.61
2021,Prosječna zarada po satu zaposlenih prema spolu i zanimanju (nacionalna valuta),u KM,Žene,Profesionalci,10.13
2010,Prosječna zarada po satu zaposlenih prema spolu i zanimanju (nacionalna valuta),u KM,Žene,Tehničari i pridruženi profesionalci,4.78
2011,Prosječna zarada po satu zaposlenih prema spolu i zanimanju (nacionalna valuta),u KM,Žene,Tehničari i pridruženi profesionalci,4.08
2012,Prosječna zarada po satu zaposlenih prema spolu i zanimanju (nacionalna valuta),u KM,Žene,Tehničari i pridruženi profesionalci,4.28
2013,Prosječna zarada po satu zaposlenih prema spolu i zanimanju (nacionalna valuta),u KM,Žene,Tehničari i pridruženi profesionalci,4.83
2014,Prosječna zarada po satu zaposlenih prema spolu i zanimanju (nacionalna valuta),u KM,Žene,Tehničari i pridruženi profesionalci,4.26
2015,Prosječna zarada po satu zaposlenih prema spolu i zanimanju (nacionalna valuta),u KM,Žene,Tehničari i pridruženi profesionalci,4.45
2016,Prosječna zarada po satu zaposlenih prema spolu i zanimanju (nacionalna valuta),u KM,Žene,Tehničari i pridruženi profesionalci,4.27
2020,Prosječna zarada po satu zaposlenih prema spolu i zanimanju (nacionalna valuta),u KM,Žene,Tehničari i pridruženi profesionalci,8.2
2021,Prosječna zarada po satu zaposlenih prema spolu i zanimanju (nacionalna valuta),u KM,Žene,Tehničari i pridruženi profesionalci,8.13
2010,Prosječna zarada po satu zaposlenih prema spolu i zanimanju (nacionalna valuta),u KM,Žene,Službenici hitne pomoći,3.62
2011,Prosječna zarada po satu zaposlenih prema spolu i zanimanju (nacionalna valuta),u KM,Žene,Službenici hitne pomoći,9.0
2012,Prosječna zarada po satu zaposlenih prema spolu i zanimanju (nacionalna valuta),u KM,Žene,Službenici hitne pomoći,4.13
2013,Prosječna zarada po satu zaposlenih prema spolu i zanimanju (nacionalna valuta),u KM,Žene,Službenici hitne pomoći,4.05
2014,Prosječna zarada po satu zaposlenih prema spolu i zanimanju (nacionalna valuta),u KM,Žene,Službenici hitne pomoći,4.87
2015,Prosječna zarada po satu zaposlenih prema spolu i zanimanju (nacionalna valuta),u KM,Žene,Službenici hitne pomoći,4.28
2016,Prosječna zarada po satu zaposlenih prema spolu i zanimanju (nacionalna valuta),u KM,Žene,Službenici hitne pomoći,5.14
2020,Prosječna zarada po satu zaposlenih prema spolu i zanimanju (nacionalna valuta),u KM,Žene,Službenici hitne pomoći,8.24
2021,Prosječna zarada po satu zaposlenih prema spolu i zanimanju (nacionalna valuta),u KM,Žene,Službenici hitne pomoći,9.03
2010,Prosječna zarada po satu zaposlenih prema spolu i zanimanju (nacionalna valuta),u KM,Žene,Uslužni i prodajni radnici,2.62
2011,Prosječna zarada po satu zaposlenih prema spolu i zanimanju (nacionalna valuta),u KM,Žene,Uslužni i prodajni radnici,2.99
2012,Prosječna zarada po satu zaposlenih prema spolu i zanimanju (nacionalna valuta),u KM,Žene,Uslužni i prodajni radnici,2.62
2013,Prosječna zarada po satu zaposlenih prema spolu i zanimanju (nacionalna valuta),u KM,Žene,Uslužni i prodajni radnici,2.93
2014,Prosječna zarada po satu zaposlenih prema spolu i zanimanju (nacionalna valuta),u KM,Žene,Uslužni i prodajni radnici,2.79
2015,Prosječna zarada po satu zaposlenih prema spolu i zanimanju (nacionalna valuta),u KM,Žene,Uslužni i prodajni radnici,3.04
2016,Prosječna zarada po satu zaposlenih prema spolu i zanimanju (nacionalna valuta),u KM,Žene,Uslužni i prodajni radnici,3.04
2020,Prosječna zarada po satu zaposlenih prema spolu i zanimanju (nacionalna valuta),u KM,Žene,Uslužni i prodajni radnici,4.93
2021,Prosječna zarada po satu zaposlenih prema spolu i zanimanju (nacionalna valuta),u KM,Žene,Uslužni i prodajni radnici,4.85
2011,Prosječna zarada po satu zaposlenih prema spolu i zanimanju (nacionalna valuta),u KM,Žene,"KV kvalificirani radnici u poljoprivredi, šumarstvu i ribarstvu",2.3
2012,Prosječna zarada po satu zaposlenih prema spolu i zanimanju (nacionalna valuta),u KM,Žene,"KV kvalificirani radnici u poljoprivredi, šumarstvu i ribarstvu",2.75
2020,Prosječna zarada po satu zaposlenih prema spolu i zanimanju (nacionalna valuta),u KM,Žene,"KV kvalificirani radnici u poljoprivredi, šumarstvu i ribarstvu",5.57
2010,Prosječna zarada po satu zaposlenih prema spolu i zanimanju (nacionalna valuta),u KM,Žene,Zanatski i srodni radnici,2.26
2011,Prosječna zarada po satu zaposlenih prema spolu i zanimanju (nacionalna valuta),u KM,Žene,Zanatski i srodni radnici,2.34
2012,Prosječna zarada po satu zaposlenih prema spolu i zanimanju (nacionalna valuta),u KM,Žene,Zanatski i srodni radnici,2.44
2013,Prosječna zarada po satu zaposlenih prema spolu i zanimanju (nacionalna valuta),u KM,Žene,Zanatski i srodni radnici,3.18
2014,Prosječna zarada po satu zaposlenih prema spolu i zanimanju (nacionalna valuta),u KM,Žene,Zanatski i srodni radnici,2.73
2015,Prosječna zarada po satu zaposlenih prema spolu i zanimanju (nacionalna valuta),u KM,Žene,Zanatski i srodni radnici,2.36
2016,Prosječna zarada po satu zaposlenih prema spolu i zanimanju (nacionalna valuta),u KM,Žene,Zanatski i srodni radnici,3.01
2020,Prosječna zarada po satu zaposlenih prema spolu i zanimanju (nacionalna valuta),u KM,Žene,Zanatski i srodni radnici,6.35
2021,Prosječna zarada po satu zaposlenih prema spolu i zanimanju (nacionalna valuta),u KM,Žene,Zanatski i srodni radnici,4.59
2010,Prosječna zarada po satu zaposlenih prema spolu i zanimanju (nacionalna valuta),u KM,Žene,"Operateri postrojenja i strojeva, te monteri",2.39
2011,Prosječna zarada po satu zaposlenih prema spolu i zanimanju (nacionalna valuta),u KM,Žene,"Operateri postrojenja i strojeva, te monteri",2.84
2012,Prosječna zarada po satu zaposlenih prema spolu i zanimanju (nacionalna valuta),u KM,Žene,"Operateri postrojenja i strojeva, te monteri",2.53
2013,Prosječna zarada po satu zaposlenih prema spolu i zanimanju (nacionalna valuta),u KM,Žene,"Operateri postrojenja i strojeva, te monteri",2.21
2014,Prosječna zarada po satu zaposlenih prema spolu i zanimanju (nacionalna valuta),u KM,Žene,"Operateri postrojenja i strojeva, te monteri",2.44
2015,Prosječna zarada po satu zaposlenih prema spolu i zanimanju (nacionalna valuta),u KM,Žene,"Operateri postrojenja i strojeva, te monteri",2.92
2016,Prosječna zarada po satu zaposlenih prema spolu i zanimanju (nacionalna valuta),u KM,Žene,"Operateri postrojenja i strojeva, te monteri",3.19
2020,Prosječna zarada po satu zaposlenih prema spolu i zanimanju (nacionalna valuta),u KM,Žene,"Operateri postrojenja i strojeva, te monteri",4.61
2021,Prosječna zarada po satu zaposlenih prema spolu i zanimanju (nacionalna valuta),u KM,Žene,"Operateri postrojenja i strojeva, te monteri",4.95
2010,Prosječna zarada po satu zaposlenih prema spolu i zanimanju (nacionalna valuta),u KM,Žene,Osnovna zanimanja,2.8
2011,Prosječna zarada po satu zaposlenih prema spolu i zanimanju (nacionalna valuta),u KM,Žene,Osnovna zanimanja,2.63
2012,Prosječna zarada po satu zaposlenih prema spolu i zanimanju (nacionalna valuta),u KM,Žene,Osnovna zanimanja,2.94
2013,Prosječna zarada po satu zaposlenih prema spolu i zanimanju (nacionalna valuta),u KM,Žene,Osnovna zanimanja,4.23
2014,Prosječna zarada po satu zaposlenih prema spolu i zanimanju (nacionalna valuta),u KM,Žene,Osnovna zanimanja,2.83
2015,Prosječna zarada po satu zaposlenih prema spolu i zanimanju (nacionalna valuta),u KM,Žene,Osnovna zanimanja,5.34
2016,Prosječna zarada po satu zaposlenih prema spolu i zanimanju (nacionalna valuta),u KM,Žene,Osnovna zanimanja,2.91
2020,Prosječna zarada po satu zaposlenih prema spolu i zanimanju (nacionalna valuta),u KM,Žene,Osnovna zanimanja,5.11
2021,Prosječna zarada po satu zaposlenih prema spolu i zanimanju (nacionalna valuta),u KM,Žene,Osnovna zanimanja,5.17
2006,Prosječna zarada po satu zaposlenih prema spolu i zanimanju (nacionalna valuta),u KM,Muškarci,Sva zanimanja,3.0
2007,Prosječna zarada po satu zaposlenih prema spolu i zanimanju (nacionalna valuta),u KM,Muškarci,Sva zanimanja,3.17
2008,Prosječna zarada po satu zaposlenih prema spolu i zanimanju (nacionalna valuta),u KM,Muškarci,Sva zanimanja,3.69
2009,Prosječna zarada po satu zaposlenih prema spolu i zanimanju (nacionalna valuta),u KM,Muškarci,Sva zanimanja,3.93
2010,Prosječna zarada po satu zaposlenih prema spolu i zanimanju (nacionalna valuta),u KM,Muškarci,Sva zanimanja,4.06
2011,Prosječna zarada po satu zaposlenih prema spolu i zanimanju (nacionalna valuta),u KM,Muškarci,Sva zanimanja,4.68
2012,Prosječna zarada po satu zaposlenih prema spolu i zanimanju (nacionalna valuta),u KM,Muškarci,Sva zanimanja,4.21
2013,Prosječna zarada po satu zaposlenih prema spolu i zanimanju (nacionalna valuta),u KM,Muškarci,Sva zanimanja,4.39
2014,Prosječna zarada po satu zaposlenih prema spolu i zanimanju (nacionalna valuta),u KM,Muškarci,Sva zanimanja,4.4
2015,Prosječna zarada po satu zaposlenih prema spolu i zanimanju (nacionalna valuta),u KM,Muškarci,Sva zanimanja,4.34
2016,Prosječna zarada po satu zaposlenih prema spolu i zanimanju (nacionalna valuta),u KM,Muškarci,Sva zanimanja,4.38
2020,Prosječna zarada po satu zaposlenih prema spolu i zanimanju (nacionalna valuta),u KM,Muškarci,Sva zanimanja,9.12
2021,Prosječna zarada po satu zaposlenih prema spolu i zanimanju (nacionalna valuta),u KM,Muškarci,Sva zanimanja,7.64
2010,Prosječna zarada po satu zaposlenih prema spolu i zanimanju (nacionalna valuta),u KM,Muškarci,Zanimanja oružanih snaga,4.98
2011,Prosječna zarada po satu zaposlenih prema spolu i zanimanju (nacionalna valuta),u KM,Muškarci,Zanimanja oružanih snaga,5.03
2012,Prosječna zarada po satu zaposlenih prema spolu i zanimanju (nacionalna valuta),u KM,Muškarci,Zanimanja oružanih snaga,4.74
2013,Prosječna zarada po satu zaposlenih prema spolu i zanimanju (nacionalna valuta),u KM,Muškarci,Zanimanja oružanih snaga,6.74
2014,Prosječna zarada po satu zaposlenih prema spolu i zanimanju (nacionalna valuta),u KM,Muškarci,Zanimanja oružanih snaga,5.44
2015,Prosječna zarada po satu zaposlenih prema spolu i zanimanju (nacionalna valuta),u KM,Muškarci,Zanimanja oružanih snaga,4.73
2016,Prosječna zarada po satu zaposlenih prema spolu i zanimanju (nacionalna valuta),u KM,Muškarci,Zanimanja oružanih snaga,5.35
2020,Prosječna zarada po satu zaposlenih prema spolu i zanimanju (nacionalna valuta),u KM,Muškarci,Zanimanja oružanih snaga,8.03
2021,Prosječna zarada po satu zaposlenih prema spolu i zanimanju (nacionalna valuta),u KM,Muškarci,Zanimanja oružanih snaga,8.03
2010,Prosječna zarada po satu zaposlenih prema spolu i zanimanju (nacionalna valuta),u KM,Muškarci,Menadžeri,9.16
2011,Prosječna zarada po satu zaposlenih prema spolu i zanimanju (nacionalna valuta),u KM,Muškarci,Menadžeri,7.12
2012,Prosječna zarada po satu zaposlenih prema spolu i zanimanju (nacionalna valuta),u KM,Muškarci,Menadžeri,6.75
2013,Prosječna zarada po satu zaposlenih prema spolu i zanimanju (nacionalna valuta),u KM,Muškarci,Menadžeri,7.77
2014,Prosječna zarada po satu zaposlenih prema spolu i zanimanju (nacionalna valuta),u KM,Muškarci,Menadžeri,7.32
2015,Prosječna zarada po satu zaposlenih prema spolu i zanimanju (nacionalna valuta),u KM,Muškarci,Menadžeri,8.68
2016,Prosječna zarada po satu zaposlenih prema spolu i zanimanju (nacionalna valuta),u KM,Muškarci,Menadžeri,7.64
2020,Prosječna zarada po satu zaposlenih prema spolu i zanimanju (nacionalna valuta),u KM,Muškarci,Menadžeri,11.1
2021,Prosječna zarada po satu zaposlenih prema spolu i zanimanju (nacionalna valuta),u KM,Muškarci,Menadžeri,10.36
2010,Prosječna zarada po satu zaposlenih prema spolu i zanimanju (nacionalna valuta),u KM,Muškarci,Profesionalci,6.63
2011,Prosječna zarada po satu zaposlenih prema spolu i zanimanju (nacionalna valuta),u KM,Muškarci,Profesionalci,7.54
2012,Prosječna zarada po satu zaposlenih prema spolu i zanimanju (nacionalna valuta),u KM,Muškarci,Profesionalci,6.02
2013,Prosječna zarada po satu zaposlenih prema spolu i zanimanju (nacionalna valuta),u KM,Muškarci,Profesionalci,7.42
2014,Prosječna zarada po satu zaposlenih prema spolu i zanimanju (nacionalna valuta),u KM,Muškarci,Profesionalci,6.58
2015,Prosječna zarada po satu zaposlenih prema spolu i zanimanju (nacionalna valuta),u KM,Muškarci,Profesionalci,6.88
2016,Prosječna zarada po satu zaposlenih prema spolu i zanimanju (nacionalna valuta),u KM,Muškarci,Profesionalci,6.45
2020,Prosječna zarada po satu zaposlenih prema spolu i zanimanju (nacionalna valuta),u KM,Muškarci,Profesionalci,9.71
2021,Prosječna zarada po satu zaposlenih prema spolu i zanimanju (nacionalna valuta),u KM,Muškarci,Profesionalci,10.1
2010,Prosječna zarada po satu zaposlenih prema spolu i zanimanju (nacionalna valuta),u KM,Muškarci,Tehničari i pridruženi profesionalci,4.41
2011,Prosječna zarada po satu zaposlenih prema spolu i zanimanju (nacionalna valuta),u KM,Muškarci,Tehničari i pridruženi profesionalci,5.48
2012,Prosječna zarada po satu zaposlenih prema spolu i zanimanju (nacionalna valuta),u KM,Muškarci,Tehničari i pridruženi profesionalci,4.59
2013,Prosječna zarada po satu zaposlenih prema spolu i zanimanju (nacionalna valuta),u KM,Muškarci,Tehničari i pridruženi profesionalci,5.02
2014,Prosječna zarada po satu zaposlenih prema spolu i zanimanju (nacionalna valuta),u KM,Muškarci,Tehničari i pridruženi profesionalci,4.86
2015,Prosječna zarada po satu zaposlenih prema spolu i zanimanju (nacionalna valuta),u KM,Muškarci,Tehničari i pridruženi profesionalci,4.8
2016,Prosječna zarada po satu zaposlenih prema spolu i zanimanju (nacionalna valuta),u KM,Muškarci,Tehničari i pridruženi profesionalci,4.57
2020,Prosječna zarada po satu zaposlenih prema spolu i zanimanju (nacionalna valuta),u KM,Muškarci,Tehničari i pridruženi profesionalci,8.79
2021,Prosječna zarada po satu zaposlenih prema spolu i zanimanju (nacionalna valuta),u KM,Muškarci,Tehničari i pridruženi profesionalci,8.32
2010,Prosječna zarada po satu zaposlenih prema spolu i zanimanju (nacionalna valuta),u KM,Muškarci,Službenici hitne pomoći,3.71
2011,Prosječna zarada po satu zaposlenih prema spolu i zanimanju (nacionalna valuta),u KM,Muškarci,Službenici hitne pomoći,5.62
2012,Prosječna zarada po satu zaposlenih prema spolu i zanimanju (nacionalna valuta),u KM,Muškarci,Službenici hitne pomoći,4.86
2013,Prosječna zarada po satu zaposlenih prema spolu i zanimanju (nacionalna valuta),u KM,Muškarci,Službenici hitne pomoći,4.19
2014,Prosječna zarada po satu zaposlenih prema spolu i zanimanju (nacionalna valuta),u KM,Muškarci,Službenici hitne pomoći,4.54
2015,Prosječna zarada po satu zaposlenih prema spolu i zanimanju (nacionalna valuta),u KM,Muškarci,Službenici hitne pomoći,4.28
2016,Prosječna zarada po satu zaposlenih prema spolu i zanimanju (nacionalna valuta),u KM,Muškarci,Službenici hitne pomoći,4.57
2020,Prosječna zarada po satu zaposlenih prema spolu i zanimanju (nacionalna valuta),u KM,Muškarci,Službenici hitne pomoći,7.98
2021,Prosječna zarada po satu zaposlenih prema spolu i zanimanju (nacionalna valuta),u KM,Muškarci,Službenici hitne pomoći,8.12
2010,Prosječna zarada po satu zaposlenih prema spolu i zanimanju (nacionalna valuta),u KM,Muškarci,Uslužni i prodajni radnici,3.27
2011,Prosječna zarada po satu zaposlenih prema spolu i zanimanju (nacionalna valuta),u KM,Muškarci,Uslužni i prodajni radnici,4.0
2012,Prosječna zarada po satu zaposlenih prema spolu i zanimanju (nacionalna valuta),u KM,Muškarci,Uslužni i prodajni radnici,3.26
2013,Prosječna zarada po satu zaposlenih prema spolu i zanimanju (nacionalna valuta),u KM,Muškarci,Uslužni i prodajni radnici,3.59
2014,Prosječna zarada po satu zaposlenih prema spolu i zanimanju (nacionalna valuta),u KM,Muškarci,Uslužni i prodajni radnici,3.98
2015,Prosječna zarada po satu zaposlenih prema spolu i zanimanju (nacionalna valuta),u KM,Muškarci,Uslužni i prodajni radnici,3.65
2016,Prosječna zarada po satu zaposlenih prema spolu i zanimanju (nacionalna valuta),u KM,Muškarci,Uslužni i prodajni radnici,3.74
2020,Prosječna zarada po satu zaposlenih prema spolu i zanimanju (nacionalna valuta),u KM,Muškarci,Uslužni i prodajni radnici,7.31
2021,Prosječna zarada po satu zaposlenih prema spolu i zanimanju (nacionalna valuta),u KM,Muškarci,Uslužni i prodajni radnici,6.88
2010,Prosječna zarada po satu zaposlenih prema spolu i zanimanju (nacionalna valuta),u KM,Muškarci,"KV kvalificirani radnici u poljoprivredi, šumarstvu i ribarstvu",3.29
2011,Prosječna zarada po satu zaposlenih prema spolu i zanimanju (nacionalna valuta),u KM,Muškarci,"KV kvalificirani radnici u poljoprivredi, šumarstvu i ribarstvu",3.45
2012,Prosječna zarada po satu zaposlenih prema spolu i zanimanju (nacionalna valuta),u KM,Muškarci,"KV kvalificirani radnici u poljoprivredi, šumarstvu i ribarstvu",3.62
2013,Prosječna zarada po satu zaposlenih prema spolu i zanimanju (nacionalna valuta),u KM,Muškarci,"KV kvalificirani radnici u poljoprivredi, šumarstvu i ribarstvu",3.2
2014,Prosječna zarada po satu zaposlenih prema spolu i zanimanju (nacionalna valuta),u KM,Muškarci,"KV kvalificirani radnici u poljoprivredi, šumarstvu i ribarstvu",3.58
2015,Prosječna zarada po satu zaposlenih prema spolu i zanimanju (nacionalna valuta),u KM,Muškarci,"KV kvalificirani radnici u poljoprivredi, šumarstvu i ribarstvu",3.24
2016,Prosječna zarada po satu zaposlenih prema spolu i zanimanju (nacionalna valuta),u KM,Muškarci,"KV kvalificirani radnici u poljoprivredi, šumarstvu i ribarstvu",4.28
2020,Prosječna zarada po satu zaposlenih prema spolu i zanimanju (nacionalna valuta),u KM,Muškarci,"KV kvalificirani radnici u poljoprivredi, šumarstvu i ribarstvu",7.19
2021,Prosječna zarada po satu zaposlenih prema spolu i zanimanju (nacionalna valuta),u KM,Muškarci,"KV kvalificirani radnici u poljoprivredi, šumarstvu i ribarstvu",7.38
2010,Prosječna zarada po satu zaposlenih prema spolu i zanimanju (nacionalna valuta),u KM,Muškarci,Zanatski i srodni radnici,3.81
2011,Prosječna zarada po satu zaposlenih prema spolu i zanimanju (nacionalna valuta),u KM,Muškarci,Zanatski i srodni radnici,3.92
2012,Prosječna zarada po satu zaposlenih prema spolu i zanimanju (nacionalna valuta),u KM,Muškarci,Zanatski i srodni radnici,4.3
2013,Prosječna zarada po satu zaposlenih prema spolu i zanimanju (nacionalna valuta),u KM,Muškarci,Zanatski i srodni radnici,3.91
2014,Prosječna zarada po satu zaposlenih prema spolu i zanimanju (nacionalna valuta),u KM,Muškarci,Zanatski i srodni radnici,4.14
2015,Prosječna zarada po satu zaposlenih prema spolu i zanimanju (nacionalna valuta),u KM,Muškarci,Zanatski i srodni radnici,4.01
2016,Prosječna zarada po satu zaposlenih prema spolu i zanimanju (nacionalna valuta),u KM,Muškarci,Zanatski i srodni radnici,4.21
2020,Prosječna zarada po satu zaposlenih prema spolu i zanimanju (nacionalna valuta),u KM,Muškarci,Zanatski i srodni radnici,11.88
2021,Prosječna zarada po satu zaposlenih prema spolu i zanimanju (nacionalna valuta),u KM,Muškarci,Zanatski i srodni radnici,7.42
2010,Prosječna zarada po satu zaposlenih prema spolu i zanimanju (nacionalna valuta),u KM,Muškarci,"Operateri postrojenja i strojeva, te monteri",3.8
2011,Prosječna zarada po satu zaposlenih prema spolu i zanimanju (nacionalna valuta),u KM,Muškarci,"Operateri postrojenja i strojeva, te monteri",3.79
2012,Prosječna zarada po satu zaposlenih prema spolu i zanimanju (nacionalna valuta),u KM,Muškarci,"Operateri postrojenja i strojeva, te monteri",3.78
2013,Prosječna zarada po satu zaposlenih prema spolu i zanimanju (nacionalna valuta),u KM,Muškarci,"Operateri postrojenja i strojeva, te monteri",3.76
2014,Prosječna zarada po satu zaposlenih prema spolu i zanimanju (nacionalna valuta),u KM,Muškarci,"Operateri postrojenja i strojeva, te monteri",3.71
2015,Prosječna zarada po satu zaposlenih prema spolu i zanimanju (nacionalna valuta),u KM,Muškarci,"Operateri postrojenja i strojeva, te monteri",3.98
2016,Prosječna zarada po satu zaposlenih prema spolu i zanimanju (nacionalna valuta),u KM,Muškarci,"Operateri postrojenja i strojeva, te monteri",3.73
2020,Prosječna zarada po satu zaposlenih prema spolu i zanimanju (nacionalna valuta),u KM,Muškarci,"Operateri postrojenja i strojeva, te monteri",8.74
2021,Prosječna zarada po satu zaposlenih prema spolu i zanimanju (nacionalna valuta),u KM,Muškarci,"Operateri postrojenja i strojeva, te monteri",7.37
2010,Prosječna zarada po satu zaposlenih prema spolu i zanimanju (nacionalna valuta),u KM,Muškarci,Osnovna zanimanja,3.15
2011,Prosječna zarada po satu zaposlenih prema spolu i zanimanju (nacionalna valuta),u KM,Muškarci,Osnovna zanimanja,4.24
2012,Prosječna zarada po satu zaposlenih prema spolu i zanimanju (nacionalna valuta),u KM,Muškarci,Osnovna zanimanja,3.27
2013,Prosječna zarada po satu zaposlenih prema spolu i zanimanju (nacionalna valuta),u KM,Muškarci,Osnovna zanimanja,3.52
2014,Prosječna zarada po satu zaposlenih prema spolu i zanimanju (nacionalna valuta),u KM,Muškarci,Osnovna zanimanja,3.45
2015,Prosječna zarada po satu zaposlenih prema spolu i zanimanju (nacionalna valuta),u KM,Muškarci,Osnovna zanimanja,3.3
2016,Prosječna zarada po satu zaposlenih prema spolu i zanimanju (nacionalna valuta),u KM,Muškarci,Osnovna zanimanja,3.74
2020,Prosječna zarada po satu zaposlenih prema spolu i zanimanju (nacionalna valuta),u KM,Muškarci,Osnovna zanimanja,6.56
2021,Prosječna zarada po satu zaposlenih prema spolu i zanimanju (nacionalna valuta),u KM,Muškarci,Osnovna zanimanja,6.02
