Year,SERIES,UNIT_MEASURE,Spol,SORT,Stupanj urbanizacije,Value
2013.0,NY_GDP_TOUR,Postotak,,,,2.3
2014.0,NY_GDP_TOUR,Postotak,,,,2.3
2015.0,NY_GDP_TOUR,Postotak,,,,2.2
2016.0,NY_GDP_TOUR,Postotak,,,,2.2
2017.0,NY_GDP_TOUR,Postotak,,,,2.3
2018.0,NY_GDP_TOUR,Postotak,,,,2.2
2019.0,NY_GDP_TOUR,Postotak,,,,2.3
2020.0,NY_GDP_TOUR,Postotak,,,,1.7
2021.0,NY_GDP_TOUR,Postotak,,,,1.9
2013.0,TOUR_ARR,Tisuće,,,Ukupno,577.0
2014.0,TOUR_ARR,Tisuće,,,Ukupno,576.0
2015.0,TOUR_ARR,Tisuće,,,Ukupno,723.0
2016.0,TOUR_ARR,Tisuće,,,Ukupno,812.0
2017.0,TOUR_ARR,Tisuće,,,Ukupno,949.0
2018.0,TOUR_ARR,Tisuće,,,Ukupno,1.071
2019.0,TOUR_ARR,Tisuće,,,Ukupno,1.227
2020.0,TOUR_ARR,Tisuće,,,Ukupno,306.0
2021.0,TOUR_ARR,Tisuće,,,Ukupno,667.0
2022.0,TOUR_ARR,Tisuće,,,Ukupno,1.024
2023.0,TOUR_ARR,Tisuće,,,Ukupno,1.262
2013.0,TOUR_ARR,Tisuće,,,DOM,166.0
2014.0,TOUR_ARR,Tisuće,,,DOM,163.0
2015.0,TOUR_ARR,Tisuće,,,DOM,186.0
2016.0,TOUR_ARR,Tisuće,,,DOM,199.0
2017.0,TOUR_ARR,Tisuće,,,DOM,210.0
2018.0,TOUR_ARR,Tisuće,,,DOM,228.0
2019.0,TOUR_ARR,Tisuće,,,DOM,256.0
2020.0,TOUR_ARR,Tisuće,,,DOM,177.0
2021.0,TOUR_ARR,Tisuće,,,DOM,289.0
2022.0,TOUR_ARR,Tisuće,,,DOM,338.0
2023.0,TOUR_ARR,Tisuće,,,DOM,350.0
2013.0,TOUR_ARR,Tisuće,,,FOR,411.0
2014.0,TOUR_ARR,Tisuće,,,FOR,413.0
2015.0,TOUR_ARR,Tisuće,,,FOR,537.0
2016.0,TOUR_ARR,Tisuće,,,FOR,613.0
2017.0,TOUR_ARR,Tisuće,,,FOR,739.0
2018.0,TOUR_ARR,Tisuće,,,FOR,843.0
2019.0,TOUR_ARR,Tisuće,,,FOR,971.0
2020.0,TOUR_ARR,Tisuće,,,FOR,129.0
2021.0,TOUR_ARR,Tisuće,,,FOR,378.0
2022.0,TOUR_ARR,Tisuće,,,FOR,686.0
2023.0,TOUR_ARR,Tisuće,,,FOR,912.0
2013.0,TOUR_NIGHT,Tisuće,,,Ukupno,1.135
2014.0,TOUR_NIGHT,Tisuće,,,Ukupno,1.095
2015.0,TOUR_NIGHT,Tisuće,,,Ukupno,1.439
2016.0,TOUR_NIGHT,Tisuće,,,Ukupno,1.62
2017.0,TOUR_NIGHT,Tisuće,,,Ukupno,1.861
2018.0,TOUR_NIGHT,Tisuće,,,Ukupno,2.095
2019.0,TOUR_NIGHT,Tisuće,,,Ukupno,2.38
2020.0,TOUR_NIGHT,Tisuće,,,Ukupno,704.0
2021.0,TOUR_NIGHT,Tisuće,,,Ukupno,1.496
2022.0,TOUR_NIGHT,Tisuće,,,Ukupno,2.163
2023.0,TOUR_NIGHT,Tisuće,,,Ukupno,2.56
2013.0,TOUR_NIGHT,Tisuće,,,DOM,309.0
2014.0,TOUR_NIGHT,Tisuće,,,DOM,292.0
2015.0,TOUR_NIGHT,Tisuće,,,DOM,342.0
2016.0,TOUR_NIGHT,Tisuće,,,DOM,346.0
2017.0,TOUR_NIGHT,Tisuće,,,DOM,364.0
2018.0,TOUR_NIGHT,Tisuće,,,DOM,413.0
2019.0,TOUR_NIGHT,Tisuće,,,DOM,479.0
2020.0,TOUR_NIGHT,Tisuće,,,DOM,413.0
2021.0,TOUR_NIGHT,Tisuće,,,DOM,571.0
2022.0,TOUR_NIGHT,Tisuće,,,DOM,660.0
2023.0,TOUR_NIGHT,Tisuće,,,DOM,680.0
2013.0,TOUR_NIGHT,Tisuće,,,FOR,826.0
2014.0,TOUR_NIGHT,Tisuće,,,FOR,803.0
2015.0,TOUR_NIGHT,Tisuće,,,FOR,1.097
2016.0,TOUR_NIGHT,Tisuće,,,FOR,1.274
2017.0,TOUR_NIGHT,Tisuće,,,FOR,1.497
2018.0,TOUR_NIGHT,Tisuće,,,FOR,1.682
2019.0,TOUR_NIGHT,Tisuće,,,FOR,1.901
2020.0,TOUR_NIGHT,Tisuće,,,FOR,291.0
2021.0,TOUR_NIGHT,Tisuće,,,FOR,925.0
2022.0,TOUR_NIGHT,Tisuće,,,FOR,1.503
2023.0,TOUR_NIGHT,Tisuće,,,FOR,1.88
2013.0,NY_GDP_AGR,Postotak,,,,-2.1
2014.0,NY_GDP_AGR,Postotak,,,,0.0
2015.0,NY_GDP_AGR,Postotak,,,,2.2
2016.0,NY_GDP_AGR,Postotak,,,,1.8
2017.0,NY_GDP_AGR,Postotak,,,,9.3
2018.0,NY_GDP_AGR,Postotak,,,,3.0
2019.0,NY_GDP_AGR,Postotak,,,,6.8
2020.0,NY_GDP_AGR,Postotak,,,,-28.8
2021.0,NY_GDP_AGR,Postotak,,,,19.0
2022.0,NY_GDP_AGR,Postotak,,,,20.5
2017.0,TOUR_EMPLOY,,,_T,,24.754
2018.0,TOUR_EMPLOY,,,_T,,26.237
2019.0,TOUR_EMPLOY,,,_T,,27.414
2020.0,TOUR_EMPLOY,,,_T,,24.473
2021.0,TOUR_EMPLOY,,,_T,,24.679
2022.0,TOUR_EMPLOY,,,_T,,26.187
2023.0,TOUR_EMPLOY,,,_T,,27.315
2017.0,TOUR_EMPLOY,,,ACCOM,,4.542
2018.0,TOUR_EMPLOY,,,ACCOM,,4.842
2019.0,TOUR_EMPLOY,,,ACCOM,,4.976
2020.0,TOUR_EMPLOY,,,ACCOM,,3.811
2021.0,TOUR_EMPLOY,,,ACCOM,,3.78
2022.0,TOUR_EMPLOY,,,ACCOM,,4.371
2023.0,TOUR_EMPLOY,,,ACCOM,,4.755
2017.0,TOUR_EMPLOY,,,SERVICE,,20.212
2018.0,TOUR_EMPLOY,,,SERVICE,,21.395
2019.0,TOUR_EMPLOY,,,SERVICE,,22.438
2020.0,TOUR_EMPLOY,,,SERVICE,,20.662
2021.0,TOUR_EMPLOY,,,SERVICE,,20.899
2022.0,TOUR_EMPLOY,,,SERVICE,,21.816
2023.0,TOUR_EMPLOY,,,SERVICE,,22.56
,,,,,,
,,,,,,
,,,,,,
,,,,,,
,,,,,,
,,,,,,
,,,,,,
,,,,,,
,,,,,,
,,,,,,
