Year,SERIES,UNIT_MEASURE,Степен урбанизације,Value
2004,Удио становништва које живи испод националне границе сиромаштва,Проценат,Укупно,18.8
2007,Удио становништва које живи испод националне границе сиромаштва,Проценат,Укупно,17.0
2011,Удио становништва које живи испод националне границе сиромаштва,Проценат,Укупно,17.1
2015,Удио становништва које живи испод националне границе сиромаштва,Проценат,Укупно,17.1
2004,SI_POV_DAHC,Проценат,Укупно,18.3
2007,SI_POV_DAHC,Проценат,Укупно,16.3
2011,SI_POV_DAHC,Проценат,Укупно,16.0
2015,SI_POV_DAHC,Проценат,Укупно,16.0
