Year,SERIES,Пол,Године,Value
2011,SI_POV_VELS,Мушкарци,,15.7
2015,SI_POV_VELS,Мушкарци,,16.0
2011,SI_POV_VELS,Жене,,17.0
2015,SI_POV_VELS,Жене,,16.2
2011,SI_POV_VELA,,млађи од 35 година,12.3
2011,SI_POV_VELA,,Y36T45,21.6
2011,SI_POV_VELA,,Y45T55,16.8
2011,SI_POV_VELA,,Y56T65,15.9
2011,SI_POV_VELA,,Y_GE65,24.1
2015,SI_POV_VELA,,млађи од 35 година,10.6
2015,SI_POV_VELA,,Y36T45,18.7
2015,SI_POV_VELA,,Y45T55,17.5
2015,SI_POV_VELA,,Y56T65,16.8
2015,SI_POV_VELA,,Y_GE65,22.4
