Year,SERIES,UNIT_MEASURE,Степен урбанизације,Value
2011,Удио становништва које живи испод националне границе сиромаштва,Проценат,Укупно,17.1
2015,Удио становништва које живи испод националне границе сиромаштва,Проценат,Укупно,17.1
2021/2022,Удио становништва које живи испод националне границе сиромаштва,Проценат,Укупно,
2011,SI_POV_DAHC,Проценат,Укупно,16.1
2015,SI_POV_DAHC,Проценат,Укупно,16.1
2021/2022,SI_POV_DAHC,Проценат,Укупно,
