Year,SERIES,UNIT_MEASURE,Value
2017,Број локалних самоуправа које усвајају и спроводе локалне стратегије смањења ризика од катастрофа у складу с националним стратегијама,Број,0
2018,Број локалних самоуправа које усвајају и спроводе локалне стратегије смањења ризика од катастрофа у складу с националним стратегијама,Број,0
2017,Удио локалних самоуправа које усвајају и спроводе локалне стратегије смањења ризика од катастрофа у складу с националним стратегијама смањења ризика од катастрофа,Проценат,0
2018,Удио локалних самоуправа које усвајају и спроводе локалне стратегије смањења ризика од катастрофа у складу с националним стратегијама смањења ризика од катастрофа,Проценат,0
2017,Број локалних самоуправа,Број,143
2018,Број локалних самоуправа,Број,143
