Year,SERIES,UNIT_MEASURE,COMPOSITE_BREAKDOWN,Value
2020,Однос стопе потрошње земљишта и стопе раста популације,Однос,Бања Лука,-0.0095
2020,Однос стопе потрошње земљишта и стопе раста популације,Однос,Сарајевo,-0.3993
2020,Однос стопе потрошње земљишта и стопе раста популације,Однос,Тузла,-0.0401
2020,Однос стопе потрошње земљишта и стопе раста популације,Однос,Зеница,-0.0176
