Year,SERIES,UNIT_MEASURE,Године,Пол,Value
2017.0,Удио појединаца који користе интернет (%),Проценат,Y16T74,,65.1
2018.0,Удио појединаца који користе интернет (%),Проценат,Y16T74,,69.7
2019.0,Удио појединаца који користе интернет (%),Проценат,Y16T74,,68.6
2020.0,Удио појединаца који користе интернет (%),Проценат,Y16T74,,73.4
2021.0,Удио појединаца који користе интернет (%),Проценат,Y16T74,,72.5
2022.0,Удио појединаца који користе интернет (%),Проценат,Y16T74,,77.1
2023.0,Удио појединаца који користе интернет (%),Проценат,Y16T74,,81.3
,,,,,
,,,,,
,,,,,
,,,,,
,,,,,
,,,,,
,,,,,
,,,,,
,,,,,
,,,,,
,,,,,
,,,,,
,,,,,
,,,,,
,,,,,
,,,,,
,,,,,
,,,,,
,,,,,
,,,,,
,,,,,
,,,,,
