Year,SERIES,UNIT_MEASURE,Године,Пол,Value
2018,Стопа наталитета адолесцената (на 1.000 жена узраста 15-19 и 10-14 година),На 1.000 становника,10 до 14 година,Жене,0.06
2019,Стопа наталитета адолесцената (на 1.000 жена узраста 15-19 и 10-14 година),На 1.000 становника,10 до 14 година,Жене,0.04
2018,Стопа наталитета адолесцената (на 1.000 жена узраста 15-19 и 10-14 година),На 1.000 становника,15 до 19 година,Жене,9.9
2019,Стопа наталитета адолесцената (на 1.000 жена узраста 15-19 и 10-14 година),На 1.000 становника,15 до 19 година,Жене,9.7
