Year,SERIES,UNIT_MEASURE,Пол,Value
2019,SE_PRE_PARTN,Проценат,Оба пола или без подјеле по полу,27.52321
2020,SE_PRE_PARTN,Проценат,Оба пола или без подјеле по полу,29.34612
2021,SE_PRE_PARTN,Проценат,Оба пола или без подјеле по полу,29.17194
2019,SE_PRE_PARTN,Проценат,Жене,27.12233
2020,SE_PRE_PARTN,Проценат,Жене,28.59121
2021,SE_PRE_PARTN,Проценат,Жене,29.26378
2019,SE_PRE_PARTN,Проценат,Мушкарци,27.90273
2020,SE_PRE_PARTN,Проценат,Мушкарци,30.0612
2021,SE_PRE_PARTN,Проценат,Мушкарци,29.08514
