Year,SERIES,UNIT_MEASURE,COMPOSITE_BREAKDOWN,Пол,Value
2011-2012,SE_DEV_ONTRK36-59,Проценат,early_childhood_dev_ind,Оба пола или без подјеле по полу,95.6
2011-2012,SE_DEV_ONTRK36-59,Проценат,literacy,Оба пола или без подјеле по полу,26.7
2011-2012,SE_DEV_ONTRK36-59,Проценат,p_dev,Оба пола или без подјеле по полу,99.5
2011-2012,SE_DEV_ONTRK36-59,Проценат,soc_dev,Оба пола или без подјеле по полу,93.9
2011-2012,SE_DEV_ONTRK36-59,Проценат,learning,Оба пола или без подјеле по полу,99.1
,,,,,
