Year,SERIES,UNIT_MEASURE,COMPOSITE_BREAKDOWN,Пол,Value
2011-2012,"Удио дјеце која су развојно на правом путу у најмање три од сљедећих домена; писменост-рачунање, физички развој, социјално-емоционални развој и учење'",Проценат,early_childhood_dev_ind,Оба пола или без подјеле по полу,95.6
2011-2012,"Удио дјеце која су развојно на правом путу у најмање три од сљедећих домена; писменост-рачунање, физички развој, социјално-емоционални развој и учење'",Проценат,literacy,Оба пола или без подјеле по полу,26.7
2011-2012,"Удио дјеце која су развојно на правом путу у најмање три од сљедећих домена; писменост-рачунање, физички развој, социјално-емоционални развој и учење'",Проценат,p_dev,Оба пола или без подјеле по полу,99.5
2011-2012,"Удио дјеце која су развојно на правом путу у најмање три од сљедећих домена; писменост-рачунање, физички развој, социјално-емоционални развој и учење'",Проценат,soc_dev,Оба пола или без подјеле по полу,93.9
2011-2012,"Удио дјеце која су развојно на правом путу у најмање три од сљедећих домена; писменост-рачунање, физички развој, социјално-емоционални развој и учење'",Проценат,learning,Оба пола или без подјеле по полу,99.1
,,,,,
