Year,SERIES,UNIT_MEASURE,COMPOSITE_BREAKDOWN,Value
2000,"Међународни финансијски токови према земљама у развоју као подршка истраживању и развоју чисте енергије и производњи обновљиве енергије, укључујући хибридне системе (милиони константних америчких долара 2020.)",Милиони константни амерички долари,Сви обновљиви извори енергије,0.0
2001,"Међународни финансијски токови према земљама у развоју као подршка истраживању и развоју чисте енергије и производњи обновљиве енергије, укључујући хибридне системе (милиони константних америчких долара 2020.)",Милиони константни амерички долари,Сви обновљиви извори енергије,6.73
2002,"Међународни финансијски токови према земљама у развоју као подршка истраживању и развоју чисте енергије и производњи обновљиве енергије, укључујући хибридне системе (милиони константних америчких долара 2020.)",Милиони константни амерички долари,Сви обновљиви извори енергије,0.31
2003,"Међународни финансијски токови према земљама у развоју као подршка истраживању и развоју чисте енергије и производњи обновљиве енергије, укључујући хибридне системе (милиони константних америчких долара 2020.)",Милиони константни амерички долари,Сви обновљиви извори енергије,0.0
2004,"Међународни финансијски токови према земљама у развоју као подршка истраживању и развоју чисте енергије и производњи обновљиве енергије, укључујући хибридне системе (милиони константних америчких долара 2020.)",Милиони константни амерички долари,Сви обновљиви извори енергије,7.3
2005,"Међународни финансијски токови према земљама у развоју као подршка истраживању и развоју чисте енергије и производњи обновљиве енергије, укључујући хибридне системе (милиони константних америчких долара 2020.)",Милиони константни амерички долари,Сви обновљиви извори енергије,0.0
2006,"Међународни финансијски токови према земљама у развоју као подршка истраживању и развоју чисте енергије и производњи обновљиве енергије, укључујући хибридне системе (милиони константних америчких долара 2020.)",Милиони константни амерички долари,Сви обновљиви извори енергије,12.48
2007,"Међународни финансијски токови према земљама у развоју као подршка истраживању и развоју чисте енергије и производњи обновљиве енергије, укључујући хибридне системе (милиони константних америчких долара 2020.)",Милиони константни амерички долари,Сви обновљиви извори енергије,0.29
2008,"Међународни финансијски токови према земљама у развоју као подршка истраживању и развоју чисте енергије и производњи обновљиве енергије, укључујући хибридне системе (милиони константних америчких долара 2020.)",Милиони константни амерички долари,Сви обновљиви извори енергије,23.44
2009,"Међународни финансијски токови према земљама у развоју као подршка истраживању и развоју чисте енергије и производњи обновљиве енергије, укључујући хибридне системе (милиони константних америчких долара 2020.)",Милиони константни амерички долари,Сви обновљиви извори енергије,0.11
2010,"Међународни финансијски токови према земљама у развоју као подршка истраживању и развоју чисте енергије и производњи обновљиве енергије, укључујући хибридне системе (милиони константних америчких долара 2020.)",Милиони константни амерички долари,Сви обновљиви извори енергије,96.84
2011,"Међународни финансијски токови према земљама у развоју као подршка истраживању и развоју чисте енергије и производњи обновљиве енергије, укључујући хибридне системе (милиони константних америчких долара 2020.)",Милиони константни амерички долари,Сви обновљиви извори енергије,67.42
2012,"Међународни финансијски токови према земљама у развоју као подршка истраживању и развоју чисте енергије и производњи обновљиве енергије, укључујући хибридне системе (милиони константних америчких долара 2020.)",Милиони константни амерички долари,Сви обновљиви извори енергије,0.95
2013,"Међународни финансијски токови према земљама у развоју као подршка истраживању и развоју чисте енергије и производњи обновљиве енергије, укључујући хибридне системе (милиони константних америчких долара 2020.)",Милиони константни амерички долари,Сви обновљиви извори енергије,97.38
2014,"Међународни финансијски токови према земљама у развоју као подршка истраживању и развоју чисте енергије и производњи обновљиве енергије, укључујући хибридне системе (милиони константних америчких долара 2020.)",Милиони константни амерички долари,Сви обновљиви извори енергије,164.58
2015,"Међународни финансијски токови према земљама у развоју као подршка истраживању и развоју чисте енергије и производњи обновљиве енергије, укључујући хибридне системе (милиони константних америчких долара 2020.)",Милиони константни амерички долари,Сви обновљиви извори енергије,6.52
2016,"Међународни финансијски токови према земљама у развоју као подршка истраживању и развоју чисте енергије и производњи обновљиве енергије, укључујући хибридне системе (милиони константних америчких долара 2020.)",Милиони константни амерички долари,Сви обновљиви извори енергије,3.72
2017,"Међународни финансијски токови према земљама у развоју као подршка истраживању и развоју чисте енергије и производњи обновљиве енергије, укључујући хибридне системе (милиони константних америчких долара 2020.)",Милиони константни амерички долари,Сви обновљиви извори енергије,83.19
2018,"Међународни финансијски токови према земљама у развоју као подршка истраживању и развоју чисте енергије и производњи обновљиве енергије, укључујући хибридне системе (милиони константних америчких долара 2020.)",Милиони константни амерички долари,Сви обновљиви извори енергије,1.34
2019,"Међународни финансијски токови према земљама у развоју као подршка истраживању и развоју чисте енергије и производњи обновљиве енергије, укључујући хибридне системе (милиони константних америчких долара 2020.)",Милиони константни амерички долари,Сви обновљиви извори енергије,20.76
2020,"Међународни финансијски токови према земљама у развоју као подршка истраживању и развоју чисте енергије и производњи обновљиве енергије, укључујући хибридне системе (милиони константних америчких долара 2020.)",Милиони константни амерички долари,Сви обновљиви извори енергије,3.72
2021,"Међународни финансијски токови према земљама у развоју као подршка истраживању и развоју чисте енергије и производњи обновљиве енергије, укључујући хибридне системе (милиони константних америчких долара 2020.)",Милиони константни амерички долари,Сви обновљиви извори енергије,0.44
2000,"Међународни финансијски токови према земљама у развоју као подршка истраживању и развоју чисте енергије и производњи обновљиве енергије, укључујући хибридне системе (милиони константних америчких долара 2020.)",Милиони константни амерички долари,Биоенергија,0.0
2001,"Међународни финансијски токови према земљама у развоју као подршка истраживању и развоју чисте енергије и производњи обновљиве енергије, укључујући хибридне системе (милиони константних америчких долара 2020.)",Милиони константни амерички долари,Биоенергија,0.0
2002,"Међународни финансијски токови према земљама у развоју као подршка истраживању и развоју чисте енергије и производњи обновљиве енергије, укључујући хибридне системе (милиони константних америчких долара 2020.)",Милиони константни амерички долари,Биоенергија,0.0
2003,"Међународни финансијски токови према земљама у развоју као подршка истраживању и развоју чисте енергије и производњи обновљиве енергије, укључујући хибридне системе (милиони константних америчких долара 2020.)",Милиони константни амерички долари,Биоенергија,0.0
2004,"Међународни финансијски токови према земљама у развоју као подршка истраживању и развоју чисте енергије и производњи обновљиве енергије, укључујући хибридне системе (милиони константних америчких долара 2020.)",Милиони константни амерички долари,Биоенергија,0.0
2005,"Међународни финансијски токови према земљама у развоју као подршка истраживању и развоју чисте енергије и производњи обновљиве енергије, укључујући хибридне системе (милиони константних америчких долара 2020.)",Милиони константни амерички долари,Биоенергија,0.0
2006,"Међународни финансијски токови према земљама у развоју као подршка истраживању и развоју чисте енергије и производњи обновљиве енергије, укључујући хибридне системе (милиони константних америчких долара 2020.)",Милиони константни амерички долари,Биоенергија,0.0
2007,"Међународни финансијски токови према земљама у развоју као подршка истраживању и развоју чисте енергије и производњи обновљиве енергије, укључујући хибридне системе (милиони константних америчких долара 2020.)",Милиони константни амерички долари,Биоенергија,0.29
2008,"Међународни финансијски токови према земљама у развоју као подршка истраживању и развоју чисте енергије и производњи обновљиве енергије, укључујући хибридне системе (милиони константних америчких долара 2020.)",Милиони константни амерички долари,Биоенергија,0.0
2009,"Међународни финансијски токови према земљама у развоју као подршка истраживању и развоју чисте енергије и производњи обновљиве енергије, укључујући хибридне системе (милиони константних америчких долара 2020.)",Милиони константни амерички долари,Биоенергија,0.0
2010,"Међународни финансијски токови према земљама у развоју као подршка истраживању и развоју чисте енергије и производњи обновљиве енергије, укључујући хибридне системе (милиони константних америчких долара 2020.)",Милиони константни амерички долари,Биоенергија,0.0
2011,"Међународни финансијски токови према земљама у развоју као подршка истраживању и развоју чисте енергије и производњи обновљиве енергије, укључујући хибридне системе (милиони константних америчких долара 2020.)",Милиони константни амерички долари,Биоенергија,0.89
2012,"Међународни финансијски токови према земљама у развоју као подршка истраживању и развоју чисте енергије и производњи обновљиве енергије, укључујући хибридне системе (милиони константних америчких долара 2020.)",Милиони константни амерички долари,Биоенергија,0.69
2013,"Међународни финансијски токови према земљама у развоју као подршка истраживању и развоју чисте енергије и производњи обновљиве енергије, укључујући хибридне системе (милиони константних америчких долара 2020.)",Милиони константни амерички долари,Биоенергија,0.76
2014,"Међународни финансијски токови према земљама у развоју као подршка истраживању и развоју чисте енергије и производњи обновљиве енергије, укључујући хибридне системе (милиони константних америчких долара 2020.)",Милиони константни амерички долари,Биоенергија,0.08
2015,"Међународни финансијски токови према земљама у развоју као подршка истраживању и развоју чисте енергије и производњи обновљиве енергије, укључујући хибридне системе (милиони константних америчких долара 2020.)",Милиони константни амерички долари,Биоенергија,1.09
2016,"Међународни финансијски токови према земљама у развоју као подршка истраживању и развоју чисте енергије и производњи обновљиве енергије, укључујући хибридне системе (милиони константних америчких долара 2020.)",Милиони константни амерички долари,Биоенергија,0.18
2017,"Међународни финансијски токови према земљама у развоју као подршка истраживању и развоју чисте енергије и производњи обновљиве енергије, укључујући хибридне системе (милиони константних америчких долара 2020.)",Милиони константни амерички долари,Биоенергија,10.31
2018,"Међународни финансијски токови према земљама у развоју као подршка истраживању и развоју чисте енергије и производњи обновљиве енергије, укључујући хибридне системе (милиони константних америчких долара 2020.)",Милиони константни амерички долари,Биоенергија,0.0
2019,"Међународни финансијски токови према земљама у развоју као подршка истраживању и развоју чисте енергије и производњи обновљиве енергије, укључујући хибридне системе (милиони константних америчких долара 2020.)",Милиони константни амерички долари,Биоенергија,0.0
2020,"Међународни финансијски токови према земљама у развоју као подршка истраживању и развоју чисте енергије и производњи обновљиве енергије, укључујући хибридне системе (милиони константних америчких долара 2020.)",Милиони константни амерички долари,Биоенергија,0.0
2021,"Међународни финансијски токови према земљама у развоју као подршка истраживању и развоју чисте енергије и производњи обновљиве енергије, укључујући хибридне системе (милиони константних америчких долара 2020.)",Милиони константни амерички долари,Биоенергија,0.05
2000,"Међународни финансијски токови према земљама у развоју као подршка истраживању и развоју чисте енергије и производњи обновљиве енергије, укључујући хибридне системе (милиони константних америчких долара 2020.)",Милиони константни амерички долари,Геотермална енергија,0.0
2001,"Међународни финансијски токови према земљама у развоју као подршка истраживању и развоју чисте енергије и производњи обновљиве енергије, укључујући хибридне системе (милиони константних америчких долара 2020.)",Милиони константни амерички долари,Геотермална енергија,0.0
2002,"Међународни финансијски токови према земљама у развоју као подршка истраживању и развоју чисте енергије и производњи обновљиве енергије, укључујући хибридне системе (милиони константних америчких долара 2020.)",Милиони константни амерички долари,Геотермална енергија,0.0
2003,"Међународни финансијски токови према земљама у развоју као подршка истраживању и развоју чисте енергије и производњи обновљиве енергије, укључујући хибридне системе (милиони константних америчких долара 2020.)",Милиони константни амерички долари,Геотермална енергија,0.0
2004,"Међународни финансијски токови према земљама у развоју као подршка истраживању и развоју чисте енергије и производњи обновљиве енергије, укључујући хибридне системе (милиони константних америчких долара 2020.)",Милиони константни амерички долари,Геотермална енергија,0.0
2005,"Међународни финансијски токови према земљама у развоју као подршка истраживању и развоју чисте енергије и производњи обновљиве енергије, укључујући хибридне системе (милиони константних америчких долара 2020.)",Милиони константни амерички долари,Геотермална енергија,0.0
2006,"Међународни финансијски токови према земљама у развоју као подршка истраживању и развоју чисте енергије и производњи обновљиве енергије, укључујући хибридне системе (милиони константних америчких долара 2020.)",Милиони константни амерички долари,Геотермална енергија,0.0
2007,"Међународни финансијски токови према земљама у развоју као подршка истраживању и развоју чисте енергије и производњи обновљиве енергије, укључујући хибридне системе (милиони константних америчких долара 2020.)",Милиони константни амерички долари,Геотермална енергија,0.0
2008,"Међународни финансијски токови према земљама у развоју као подршка истраживању и развоју чисте енергије и производњи обновљиве енергије, укључујући хибридне системе (милиони константних америчких долара 2020.)",Милиони константни амерички долари,Геотермална енергија,0.0
2009,"Међународни финансијски токови према земљама у развоју као подршка истраживању и развоју чисте енергије и производњи обновљиве енергије, укључујући хибридне системе (милиони константних америчких долара 2020.)",Милиони константни амерички долари,Геотермална енергија,0.0
2010,"Међународни финансијски токови према земљама у развоју као подршка истраживању и развоју чисте енергије и производњи обновљиве енергије, укључујући хибридне системе (милиони константних америчких долара 2020.)",Милиони константни амерички долари,Геотермална енергија,0.0
2011,"Међународни финансијски токови према земљама у развоју као подршка истраживању и развоју чисте енергије и производњи обновљиве енергије, укључујући хибридне системе (милиони константних америчких долара 2020.)",Милиони константни амерички долари,Геотермална енергија,0.0
2012,"Међународни финансијски токови према земљама у развоју као подршка истраживању и развоју чисте енергије и производњи обновљиве енергије, укључујући хибридне системе (милиони константних америчких долара 2020.)",Милиони константни амерички долари,Геотермална енергија,0.0
2013,"Међународни финансијски токови према земљама у развоју као подршка истраживању и развоју чисте енергије и производњи обновљиве енергије, укључујући хибридне системе (милиони константних америчких долара 2020.)",Милиони константни амерички долари,Геотермална енергија,0.17
2014,"Међународни финансијски токови према земљама у развоју као подршка истраживању и развоју чисте енергије и производњи обновљиве енергије, укључујући хибридне системе (милиони константних америчких долара 2020.)",Милиони константни амерички долари,Геотермална енергија,0.26
2015,"Међународни финансијски токови према земљама у развоју као подршка истраживању и развоју чисте енергије и производњи обновљиве енергије, укључујући хибридне системе (милиони константних америчких долара 2020.)",Милиони константни амерички долари,Геотермална енергија,0.46
2016,"Међународни финансијски токови према земљама у развоју као подршка истраживању и развоју чисте енергије и производњи обновљиве енергије, укључујући хибридне системе (милиони константних америчких долара 2020.)",Милиони константни амерички долари,Геотермална енергија,0.1
2017,"Међународни финансијски токови према земљама у развоју као подршка истраживању и развоју чисте енергије и производњи обновљиве енергије, укључујући хибридне системе (милиони константних америчких долара 2020.)",Милиони константни амерички долари,Геотермална енергија,0.34
2018,"Међународни финансијски токови према земљама у развоју као подршка истраживању и развоју чисте енергије и производњи обновљиве енергије, укључујући хибридне системе (милиони константних америчких долара 2020.)",Милиони константни амерички долари,Геотермална енергија,0.0
2019,"Међународни финансијски токови према земљама у развоју као подршка истраживању и развоју чисте енергије и производњи обновљиве енергије, укључујући хибридне системе (милиони константних америчких долара 2020.)",Милиони константни амерички долари,Геотермална енергија,0.0
2020,"Међународни финансијски токови према земљама у развоју као подршка истраживању и развоју чисте енергије и производњи обновљиве енергије, укључујући хибридне системе (милиони константних америчких долара 2020.)",Милиони константни амерички долари,Геотермална енергија,0.0
2021,"Међународни финансијски токови према земљама у развоју као подршка истраживању и развоју чисте енергије и производњи обновљиве енергије, укључујући хибридне системе (милиони константних америчких долара 2020.)",Милиони константни амерички долари,Геотермална енергија,0.0
2000,"Међународни финансијски токови према земљама у развоју као подршка истраживању и развоју чисте енергије и производњи обновљиве енергије, укључујући хибридне системе (милиони константних америчких долара 2020.)",Милиони константни амерички долари,Хидроенергија,0.0
2001,"Међународни финансијски токови према земљама у развоју као подршка истраживању и развоју чисте енергије и производњи обновљиве енергије, укључујући хибридне системе (милиони константних америчких долара 2020.)",Милиони константни амерички долари,Хидроенергија,3.03
2002,"Међународни финансијски токови према земљама у развоју као подршка истраживању и развоју чисте енергије и производњи обновљиве енергије, укључујући хибридне системе (милиони константних америчких долара 2020.)",Милиони константни амерички долари,Хидроенергија,0.0
2003,"Међународни финансијски токови према земљама у развоју као подршка истраживању и развоју чисте енергије и производњи обновљиве енергије, укључујући хибридне системе (милиони константних америчких долара 2020.)",Милиони константни амерички долари,Хидроенергија,0.0
2004,"Међународни финансијски токови према земљама у развоју као подршка истраживању и развоју чисте енергије и производњи обновљиве енергије, укључујући хибридне системе (милиони константних америчких долара 2020.)",Милиони константни амерички долари,Хидроенергија,7.3
2005,"Међународни финансијски токови према земљама у развоју као подршка истраживању и развоју чисте енергије и производњи обновљиве енергије, укључујући хибридне системе (милиони константних америчких долара 2020.)",Милиони константни амерички долари,Хидроенергија,0.0
2006,"Међународни финансијски токови према земљама у развоју као подршка истраживању и развоју чисте енергије и производњи обновљиве енергије, укључујући хибридне системе (милиони константних америчких долара 2020.)",Милиони константни амерички долари,Хидроенергија,0.0
2007,"Међународни финансијски токови према земљама у развоју као подршка истраживању и развоју чисте енергије и производњи обновљиве енергије, укључујући хибридне системе (милиони константних америчких долара 2020.)",Милиони константни амерички долари,Хидроенергија,0.0
2008,"Међународни финансијски токови према земљама у развоју као подршка истраживању и развоју чисте енергије и производњи обновљиве енергије, укључујући хибридне системе (милиони константних америчких долара 2020.)",Милиони константни амерички долари,Хидроенергија,0.0
2009,"Међународни финансијски токови према земљама у развоју као подршка истраживању и развоју чисте енергије и производњи обновљиве енергије, укључујући хибридне системе (милиони константних америчких долара 2020.)",Милиони константни амерички долари,Хидроенергија,0.0
2010,"Међународни финансијски токови према земљама у развоју као подршка истраживању и развоју чисте енергије и производњи обновљиве енергије, укључујући хибридне системе (милиони константних америчких долара 2020.)",Милиони константни амерички долари,Хидроенергија,0.0
2011,"Међународни финансијски токови према земљама у развоју као подршка истраживању и развоју чисте енергије и производњи обновљиве енергије, укључујући хибридне системе (милиони константних америчких долара 2020.)",Милиони константни амерички долари,Хидроенергија,0.0
2012,"Међународни финансијски токови према земљама у развоју као подршка истраживању и развоју чисте енергије и производњи обновљиве енергије, укључујући хибридне системе (милиони константних америчких долара 2020.)",Милиони константни амерички долари,Хидроенергија,0.0
2013,"Међународни финансијски токови према земљама у развоју као подршка истраживању и развоју чисте енергије и производњи обновљиве енергије, укључујући хибридне системе (милиони константних америчких долара 2020.)",Милиони константни амерички долари,Хидроенергија,0.0
2014,"Међународни финансијски токови према земљама у развоју као подршка истраживању и развоју чисте енергије и производњи обновљиве енергије, укључујући хибридне системе (милиони константних америчких долара 2020.)",Милиони константни амерички долари,Хидроенергија,37.87
2015,"Међународни финансијски токови према земљама у развоју као подршка истраживању и развоју чисте енергије и производњи обновљиве енергије, укључујући хибридне системе (милиони константних америчких долара 2020.)",Милиони константни амерички долари,Хидроенергија,0.0
2016,"Међународни финансијски токови према земљама у развоју као подршка истраживању и развоју чисте енергије и производњи обновљиве енергије, укључујући хибридне системе (милиони константних америчких долара 2020.)",Милиони константни амерички долари,Хидроенергија,0.03
2017,"Међународни финансијски токови према земљама у развоју као подршка истраживању и развоју чисте енергије и производњи обновљиве енергије, укључујући хибридне системе (милиони константних америчких долара 2020.)",Милиони константни амерички долари,Хидроенергија,0.01
2018,"Међународни финансијски токови према земљама у развоју као подршка истраживању и развоју чисте енергије и производњи обновљиве енергије, укључујући хибридне системе (милиони константних америчких долара 2020.)",Милиони константни амерички долари,Хидроенергија,0.0
2019,"Међународни финансијски токови према земљама у развоју као подршка истраживању и развоју чисте енергије и производњи обновљиве енергије, укључујући хибридне системе (милиони константних америчких долара 2020.)",Милиони константни амерички долари,Хидроенергија,17.39
2020,"Међународни финансијски токови према земљама у развоју као подршка истраживању и развоју чисте енергије и производњи обновљиве енергије, укључујући хибридне системе (милиони константних америчких долара 2020.)",Милиони константни амерички долари,Хидроенергија,0.0
2021,"Међународни финансијски токови према земљама у развоју као подршка истраживању и развоју чисте енергије и производњи обновљиве енергије, укључујући хибридне системе (милиони константних америчких долара 2020.)",Милиони константни амерички долари,Хидроенергија,0.0
2000,"Међународни финансијски токови према земљама у развоју као подршка истраживању и развоју чисте енергије и производњи обновљиве енергије, укључујући хибридне системе (милиони константних америчких долара 2020.)",Милиони константни амерички долари,Морска енергија,0.0
2001,"Међународни финансијски токови према земљама у развоју као подршка истраживању и развоју чисте енергије и производњи обновљиве енергије, укључујући хибридне системе (милиони константних америчких долара 2020.)",Милиони константни амерички долари,Морска енергија,0.0
2002,"Међународни финансијски токови према земљама у развоју као подршка истраживању и развоју чисте енергије и производњи обновљиве енергије, укључујући хибридне системе (милиони константних америчких долара 2020.)",Милиони константни амерички долари,Морска енергија,0.0
2003,"Међународни финансијски токови према земљама у развоју као подршка истраживању и развоју чисте енергије и производњи обновљиве енергије, укључујући хибридне системе (милиони константних америчких долара 2020.)",Милиони константни амерички долари,Морска енергија,0.0
2004,"Међународни финансијски токови према земљама у развоју као подршка истраживању и развоју чисте енергије и производњи обновљиве енергије, укључујући хибридне системе (милиони константних америчких долара 2020.)",Милиони константни амерички долари,Морска енергија,0.0
2005,"Међународни финансијски токови према земљама у развоју као подршка истраживању и развоју чисте енергије и производњи обновљиве енергије, укључујући хибридне системе (милиони константних америчких долара 2020.)",Милиони константни амерички долари,Морска енергија,0.0
2006,"Међународни финансијски токови према земљама у развоју као подршка истраживању и развоју чисте енергије и производњи обновљиве енергије, укључујући хибридне системе (милиони константних америчких долара 2020.)",Милиони константни амерички долари,Морска енергија,0.0
2007,"Међународни финансијски токови према земљама у развоју као подршка истраживању и развоју чисте енергије и производњи обновљиве енергије, укључујући хибридне системе (милиони константних америчких долара 2020.)",Милиони константни амерички долари,Морска енергија,0.0
2008,"Међународни финансијски токови према земљама у развоју као подршка истраживању и развоју чисте енергије и производњи обновљиве енергије, укључујући хибридне системе (милиони константних америчких долара 2020.)",Милиони константни амерички долари,Морска енергија,0.0
2009,"Међународни финансијски токови према земљама у развоју као подршка истраживању и развоју чисте енергије и производњи обновљиве енергије, укључујући хибридне системе (милиони константних америчких долара 2020.)",Милиони константни амерички долари,Морска енергија,0.0
2010,"Међународни финансијски токови према земљама у развоју као подршка истраживању и развоју чисте енергије и производњи обновљиве енергије, укључујући хибридне системе (милиони константних америчких долара 2020.)",Милиони константни амерички долари,Морска енергија,0.0
2011,"Међународни финансијски токови према земљама у развоју као подршка истраживању и развоју чисте енергије и производњи обновљиве енергије, укључујући хибридне системе (милиони константних америчких долара 2020.)",Милиони константни амерички долари,Морска енергија,0.0
2012,"Међународни финансијски токови према земљама у развоју као подршка истраживању и развоју чисте енергије и производњи обновљиве енергије, укључујући хибридне системе (милиони константних америчких долара 2020.)",Милиони константни амерички долари,Морска енергија,0.0
2013,"Међународни финансијски токови према земљама у развоју као подршка истраживању и развоју чисте енергије и производњи обновљиве енергије, укључујући хибридне системе (милиони константних америчких долара 2020.)",Милиони константни амерички долари,Морска енергија,0.0
2014,"Међународни финансијски токови према земљама у развоју као подршка истраживању и развоју чисте енергије и производњи обновљиве енергије, укључујући хибридне системе (милиони константних америчких долара 2020.)",Милиони константни амерички долари,Морска енергија,0.0
2015,"Међународни финансијски токови према земљама у развоју као подршка истраживању и развоју чисте енергије и производњи обновљиве енергије, укључујући хибридне системе (милиони константних америчких долара 2020.)",Милиони константни амерички долари,Морска енергија,0.0
2016,"Међународни финансијски токови према земљама у развоју као подршка истраживању и развоју чисте енергије и производњи обновљиве енергије, укључујући хибридне системе (милиони константних америчких долара 2020.)",Милиони константни амерички долари,Морска енергија,0.0
2017,"Међународни финансијски токови према земљама у развоју као подршка истраживању и развоју чисте енергије и производњи обновљиве енергије, укључујући хибридне системе (милиони константних америчких долара 2020.)",Милиони константни амерички долари,Морска енергија,0.0
2018,"Међународни финансијски токови према земљама у развоју као подршка истраживању и развоју чисте енергије и производњи обновљиве енергије, укључујући хибридне системе (милиони константних америчких долара 2020.)",Милиони константни амерички долари,Морска енергија,0.0
2019,"Међународни финансијски токови према земљама у развоју као подршка истраживању и развоју чисте енергије и производњи обновљиве енергије, укључујући хибридне системе (милиони константних америчких долара 2020.)",Милиони константни амерички долари,Морска енергија,0.0
2020,"Међународни финансијски токови према земљама у развоју као подршка истраживању и развоју чисте енергије и производњи обновљиве енергије, укључујући хибридне системе (милиони константних америчких долара 2020.)",Милиони константни амерички долари,Морска енергија,0.0
2021,"Међународни финансијски токови према земљама у развоју као подршка истраживању и развоју чисте енергије и производњи обновљиве енергије, укључујући хибридне системе (милиони константних америчких долара 2020.)",Милиони константни амерички долари,Морска енергија,0.0
2000,"Међународни финансијски токови према земљама у развоју као подршка истраживању и развоју чисте енергије и производњи обновљиве енергије, укључујући хибридне системе (милиони константних америчких долара 2020.)",Милиони константни амерички долари,Вишеструки обновљиви извори енергије,0.0
2001,"Међународни финансијски токови према земљама у развоју као подршка истраживању и развоју чисте енергије и производњи обновљиве енергије, укључујући хибридне системе (милиони константних америчких долара 2020.)",Милиони константни амерички долари,Вишеструки обновљиви извори енергије,3.7
2002,"Међународни финансијски токови према земљама у развоју као подршка истраживању и развоју чисте енергије и производњи обновљиве енергије, укључујући хибридне системе (милиони константних америчких долара 2020.)",Милиони константни амерички долари,Вишеструки обновљиви извори енергије,0.31
2003,"Међународни финансијски токови према земљама у развоју као подршка истраживању и развоју чисте енергије и производњи обновљиве енергије, укључујући хибридне системе (милиони константних америчких долара 2020.)",Милиони константни амерички долари,Вишеструки обновљиви извори енергије,0.0
2004,"Међународни финансијски токови према земљама у развоју као подршка истраживању и развоју чисте енергије и производњи обновљиве енергије, укључујући хибридне системе (милиони константних америчких долара 2020.)",Милиони константни амерички долари,Вишеструки обновљиви извори енергије,0.0
2005,"Међународни финансијски токови према земљама у развоју као подршка истраживању и развоју чисте енергије и производњи обновљиве енергије, укључујући хибридне системе (милиони константних америчких долара 2020.)",Милиони константни амерички долари,Вишеструки обновљиви извори енергије,0.0
2006,"Међународни финансијски токови према земљама у развоју као подршка истраживању и развоју чисте енергије и производњи обновљиве енергије, укључујући хибридне системе (милиони константних америчких долара 2020.)",Милиони константни амерички долари,Вишеструки обновљиви извори енергије,12.0
2007,"Међународни финансијски токови према земљама у развоју као подршка истраживању и развоју чисте енергије и производњи обновљиве енергије, укључујући хибридне системе (милиони константних америчких долара 2020.)",Милиони константни амерички долари,Вишеструки обновљиви извори енергије,0.0
2008,"Међународни финансијски токови према земљама у развоју као подршка истраживању и развоју чисте енергије и производњи обновљиве енергије, укључујући хибридне системе (милиони константних америчких долара 2020.)",Милиони константни амерички долари,Вишеструки обновљиви извори енергије,23.44
2009,"Међународни финансијски токови према земљама у развоју као подршка истраживању и развоју чисте енергије и производњи обновљиве енергије, укључујући хибридне системе (милиони константних америчких долара 2020.)",Милиони константни амерички долари,Вишеструки обновљиви извори енергије,0.11
2010,"Међународни финансијски токови према земљама у развоју као подршка истраживању и развоју чисте енергије и производњи обновљиве енергије, укључујући хибридне системе (милиони константних америчких долара 2020.)",Милиони константни амерички долари,Вишеструки обновљиви извори енергије,0.0
2011,"Међународни финансијски токови према земљама у развоју као подршка истраживању и развоју чисте енергије и производњи обновљиве енергије, укључујући хибридне системе (милиони константних америчких долара 2020.)",Милиони константни амерички долари,Вишеструки обновљиви извори енергије,66.53
2012,"Међународни финансијски токови према земљама у развоју као подршка истраживању и развоју чисте енергије и производњи обновљиве енергије, укључујући хибридне системе (милиони константних америчких долара 2020.)",Милиони константни амерички долари,Вишеструки обновљиви извори енергије,0.0
2013,"Међународни финансијски токови према земљама у развоју као подршка истраживању и развоју чисте енергије и производњи обновљиве енергије, укључујући хибридне системе (милиони константних америчких долара 2020.)",Милиони константни амерички долари,Вишеструки обновљиви извори енергије,96.44
2014,"Међународни финансијски токови према земљама у развоју као подршка истраживању и развоју чисте енергије и производњи обновљиве енергије, укључујући хибридне системе (милиони константних америчких долара 2020.)",Милиони константни амерички долари,Вишеструки обновљиви извори енергије,126.37
2015,"Међународни финансијски токови према земљама у развоју као подршка истраживању и развоју чисте енергије и производњи обновљиве енергије, укључујући хибридне системе (милиони константних америчких долара 2020.)",Милиони константни амерички долари,Вишеструки обновљиви извори енергије,4.98
2016,"Међународни финансијски токови према земљама у развоју као подршка истраживању и развоју чисте енергије и производњи обновљиве енергије, укључујући хибридне системе (милиони константних америчких долара 2020.)",Милиони константни амерички долари,Вишеструки обновљиви извори енергије,0.15
2017,"Међународни финансијски токови према земљама у развоју као подршка истраживању и развоју чисте енергије и производњи обновљиве енергије, укључујући хибридне системе (милиони константних америчких долара 2020.)",Милиони константни амерички долари,Вишеструки обновљиви извори енергије,0.03
2018,"Међународни финансијски токови према земљама у развоју као подршка истраживању и развоју чисте енергије и производњи обновљиве енергије, укључујући хибридне системе (милиони константних америчких долара 2020.)",Милиони константни амерички долари,Вишеструки обновљиви извори енергије,1.0
2019,"Међународни финансијски токови према земљама у развоју као подршка истраживању и развоју чисте енергије и производњи обновљиве енергије, укључујући хибридне системе (милиони константних америчких долара 2020.)",Милиони константни амерички долари,Вишеструки обновљиви извори енергије,2.93
2020,"Међународни финансијски токови према земљама у развоју као подршка истраживању и развоју чисте енергије и производњи обновљиве енергије, укључујући хибридне системе (милиони константних америчких долара 2020.)",Милиони константни амерички долари,Вишеструки обновљиви извори енергије,3.7
2021,"Међународни финансијски токови према земљама у развоју као подршка истраживању и развоју чисте енергије и производњи обновљиве енергије, укључујући хибридне системе (милиони константних америчких долара 2020.)",Милиони константни амерички долари,Вишеструки обновљиви извори енергије,0.33
2000,"Међународни финансијски токови према земљама у развоју као подршка истраживању и развоју чисте енергије и производњи обновљиве енергије, укључујући хибридне системе (милиони константних америчких долара 2020.)",Милиони константни амерички долари,Сунчева енергија,0.0
2001,"Међународни финансијски токови према земљама у развоју као подршка истраживању и развоју чисте енергије и производњи обновљиве енергије, укључујући хибридне системе (милиони константних америчких долара 2020.)",Милиони константни амерички долари,Сунчева енергија,0.0
2002,"Међународни финансијски токови према земљама у развоју као подршка истраживању и развоју чисте енергије и производњи обновљиве енергије, укључујући хибридне системе (милиони константних америчких долара 2020.)",Милиони константни амерички долари,Сунчева енергија,0.0
2003,"Међународни финансијски токови према земљама у развоју као подршка истраживању и развоју чисте енергије и производњи обновљиве енергије, укључујући хибридне системе (милиони константних америчких долара 2020.)",Милиони константни амерички долари,Сунчева енергија,0.0
2004,"Међународни финансијски токови према земљама у развоју као подршка истраживању и развоју чисте енергије и производњи обновљиве енергије, укључујући хибридне системе (милиони константних америчких долара 2020.)",Милиони константни амерички долари,Сунчева енергија,0.0
2005,"Међународни финансијски токови према земљама у развоју као подршка истраживању и развоју чисте енергије и производњи обновљиве енергије, укључујући хибридне системе (милиони константних америчких долара 2020.)",Милиони константни амерички долари,Сунчева енергија,0.0
2006,"Међународни финансијски токови према земљама у развоју као подршка истраживању и развоју чисте енергије и производњи обновљиве енергије, укључујући хибридне системе (милиони константних америчких долара 2020.)",Милиони константни амерички долари,Сунчева енергија,0.19
2007,"Међународни финансијски токови према земљама у развоју као подршка истраживању и развоју чисте енергије и производњи обновљиве енергије, укључујући хибридне системе (милиони константних америчких долара 2020.)",Милиони константни амерички долари,Сунчева енергија,0.0
2008,"Међународни финансијски токови према земљама у развоју као подршка истраживању и развоју чисте енергије и производњи обновљиве енергије, укључујући хибридне системе (милиони константних америчких долара 2020.)",Милиони константни амерички долари,Сунчева енергија,0.0
2009,"Међународни финансијски токови према земљама у развоју као подршка истраживању и развоју чисте енергије и производњи обновљиве енергије, укључујући хибридне системе (милиони константних америчких долара 2020.)",Милиони константни амерички долари,Сунчева енергија,0.0
2010,"Међународни финансијски токови према земљама у развоју као подршка истраживању и развоју чисте енергије и производњи обновљиве енергије, укључујући хибридне системе (милиони константних америчких долара 2020.)",Милиони константни амерички долари,Сунчева енергија,0.0
2011,"Међународни финансијски токови према земљама у развоју као подршка истраживању и развоју чисте енергије и производњи обновљиве енергије, укључујући хибридне системе (милиони константних америчких долара 2020.)",Милиони константни амерички долари,Сунчева енергија,0.0
2012,"Међународни финансијски токови према земљама у развоју као подршка истраживању и развоју чисте енергије и производњи обновљиве енергије, укључујући хибридне системе (милиони константних америчких долара 2020.)",Милиони константни амерички долари,Сунчева енергија,0.26
2013,"Међународни финансијски токови према земљама у развоју као подршка истраживању и развоју чисте енергије и производњи обновљиве енергије, укључујући хибридне системе (милиони константних америчких долара 2020.)",Милиони константни амерички долари,Сунчева енергија,0.01
2014,"Међународни финансијски токови према земљама у развоју као подршка истраживању и развоју чисте енергије и производњи обновљиве енергије, укључујући хибридне системе (милиони константних америчких долара 2020.)",Милиони константни амерички долари,Сунчева енергија,0.0
2015,"Међународни финансијски токови према земљама у развоју као подршка истраживању и развоју чисте енергије и производњи обновљиве енергије, укључујући хибридне системе (милиони константних америчких долара 2020.)",Милиони константни амерички долари,Сунчева енергија,0.0
2016,"Међународни финансијски токови према земљама у развоју као подршка истраживању и развоју чисте енергије и производњи обновљиве енергије, укључујући хибридне системе (милиони константних америчких долара 2020.)",Милиони константни амерички долари,Сунчева енергија,3.27
2017,"Међународни финансијски токови према земљама у развоју као подршка истраживању и развоју чисте енергије и производњи обновљиве енергије, укључујући хибридне системе (милиони константних америчких долара 2020.)",Милиони константни амерички долари,Сунчева енергија,0.23
2018,"Међународни финансијски токови према земљама у развоју као подршка истраживању и развоју чисте енергије и производњи обновљиве енергије, укључујући хибридне системе (милиони константних америчких долара 2020.)",Милиони константни амерички долари,Сунчева енергија,0.34
2019,"Међународни финансијски токови према земљама у развоју као подршка истраживању и развоју чисте енергије и производњи обновљиве енергије, укључујући хибридне системе (милиони константних америчких долара 2020.)",Милиони константни амерички долари,Сунчева енергија,0.45
2020,"Међународни финансијски токови према земљама у развоју као подршка истраживању и развоју чисте енергије и производњи обновљиве енергије, укључујући хибридне системе (милиони константних америчких долара 2020.)",Милиони константни амерички долари,Сунчева енергија,0.02
2021,"Међународни финансијски токови према земљама у развоју као подршка истраживању и развоју чисте енергије и производњи обновљиве енергије, укључујући хибридне системе (милиони константних америчких долара 2020.)",Милиони константни амерички долари,Сунчева енергија,0.06
2000,"Међународни финансијски токови према земљама у развоју као подршка истраживању и развоју чисте енергије и производњи обновљиве енергије, укључујући хибридне системе (милиони константних америчких долара 2020.)",Милиони константни амерички долари,Енергија вјетра,0.0
2001,"Међународни финансијски токови према земљама у развоју као подршка истраживању и развоју чисте енергије и производњи обновљиве енергије, укључујући хибридне системе (милиони константних америчких долара 2020.)",Милиони константни амерички долари,Енергија вјетра,0.0
2002,"Међународни финансијски токови према земљама у развоју као подршка истраживању и развоју чисте енергије и производњи обновљиве енергије, укључујући хибридне системе (милиони константних америчких долара 2020.)",Милиони константни амерички долари,Енергија вјетра,0.0
2003,"Међународни финансијски токови према земљама у развоју као подршка истраживању и развоју чисте енергије и производњи обновљиве енергије, укључујући хибридне системе (милиони константних америчких долара 2020.)",Милиони константни амерички долари,Енергија вјетра,0.0
2004,"Међународни финансијски токови према земљама у развоју као подршка истраживању и развоју чисте енергије и производњи обновљиве енергије, укључујући хибридне системе (милиони константних америчких долара 2020.)",Милиони константни амерички долари,Енергија вјетра,0.0
2005,"Међународни финансијски токови према земљама у развоју као подршка истраживању и развоју чисте енергије и производњи обновљиве енергије, укључујући хибридне системе (милиони константних америчких долара 2020.)",Милиони константни амерички долари,Енергија вјетра,0.0
2006,"Међународни финансијски токови према земљама у развоју као подршка истраживању и развоју чисте енергије и производњи обновљиве енергије, укључујући хибридне системе (милиони константних америчких долара 2020.)",Милиони константни амерички долари,Енергија вјетра,0.29
2007,"Међународни финансијски токови према земљама у развоју као подршка истраживању и развоју чисте енергије и производњи обновљиве енергије, укључујући хибридне системе (милиони константних америчких долара 2020.)",Милиони константни амерички долари,Енергија вјетра,0.0
2008,"Међународни финансијски токови према земљама у развоју као подршка истраживању и развоју чисте енергије и производњи обновљиве енергије, укључујући хибридне системе (милиони константних америчких долара 2020.)",Милиони константни амерички долари,Енергија вјетра,0.0
2009,"Међународни финансијски токови према земљама у развоју као подршка истраживању и развоју чисте енергије и производњи обновљиве енергије, укључујући хибридне системе (милиони константних америчких долара 2020.)",Милиони константни амерички долари,Енергија вјетра,0.0
2010,"Међународни финансијски токови према земљама у развоју као подршка истраживању и развоју чисте енергије и производњи обновљиве енергије, укључујући хибридне системе (милиони константних америчких долара 2020.)",Милиони константни амерички долари,Енергија вјетра,96.84
2011,"Међународни финансијски токови према земљама у развоју као подршка истраживању и развоју чисте енергије и производњи обновљиве енергије, укључујући хибридне системе (милиони константних америчких долара 2020.)",Милиони константни амерички долари,Енергија вјетра,0.0
2012,"Међународни финансијски токови према земљама у развоју као подршка истраживању и развоју чисте енергије и производњи обновљиве енергије, укључујући хибридне системе (милиони константних америчких долара 2020.)",Милиони константни амерички долари,Енергија вјетра,0.0
2013,"Међународни финансијски токови према земљама у развоју као подршка истраживању и развоју чисте енергије и производњи обновљиве енергије, укључујући хибридне системе (милиони константних америчких долара 2020.)",Милиони константни амерички долари,Енергија вјетра,0.0
2014,"Међународни финансијски токови према земљама у развоју као подршка истраживању и развоју чисте енергије и производњи обновљиве енергије, укључујући хибридне системе (милиони константних америчких долара 2020.)",Милиони константни амерички долари,Енергија вјетра,0.0
2015,"Међународни финансијски токови према земљама у развоју као подршка истраживању и развоју чисте енергије и производњи обновљиве енергије, укључујући хибридне системе (милиони константних америчких долара 2020.)",Милиони константни амерички долари,Енергија вјетра,0.0
2016,"Међународни финансијски токови према земљама у развоју као подршка истраживању и развоју чисте енергије и производњи обновљиве енергије, укључујући хибридне системе (милиони константних америчких долара 2020.)",Милиони константни амерички долари,Енергија вјетра,0.0
2017,"Међународни финансијски токови према земљама у развоју као подршка истраживању и развоју чисте енергије и производњи обновљиве енергије, укључујући хибридне системе (милиони константних америчких долара 2020.)",Милиони константни амерички долари,Енергија вјетра,72.29
2018,"Међународни финансијски токови према земљама у развоју као подршка истраживању и развоју чисте енергије и производњи обновљиве енергије, укључујући хибридне системе (милиони константних америчких долара 2020.)",Милиони константни амерички долари,Енергија вјетра,0.0
2019,"Међународни финансијски токови према земљама у развоју као подршка истраживању и развоју чисте енергије и производњи обновљиве енергије, укључујући хибридне системе (милиони константних америчких долара 2020.)",Милиони константни амерички долари,Енергија вјетра,0.0
2020,"Међународни финансијски токови према земљама у развоју као подршка истраживању и развоју чисте енергије и производњи обновљиве енергије, укључујући хибридне системе (милиони константних америчких долара 2020.)",Милиони константни амерички долари,Енергија вјетра,0.0
2021,"Међународни финансијски токови према земљама у развоју као подршка истраживању и развоју чисте енергије и производњи обновљиве енергије, укључујући хибридне системе (милиони константних америчких долара 2020.)",Милиони константни амерички долари,Енергија вјетра,0.0
