Year,SERIES,UNIT_MEASURE,Value
2015,Ниво националне усклађености радних права (слобода удруживања и колективног преговарања) на основу текстуалних извора Међународне организације рада (ILO) и националног законодавства,Резултат,0.0
2016,Ниво националне усклађености радних права (слобода удруживања и колективног преговарања) на основу текстуалних извора Међународне организације рада (ILO) и националног законодавства,Резултат,1.05
2017,Ниво националне усклађености радних права (слобода удруживања и колективног преговарања) на основу текстуалних извора Међународне организације рада (ILO) и националног законодавства,Резултат,1.05
2018,Ниво националне усклађености радних права (слобода удруживања и колективног преговарања) на основу текстуалних извора Међународне организације рада (ILO) и националног законодавства,Резултат,1.05
2019,Ниво националне усклађености радних права (слобода удруживања и колективног преговарања) на основу текстуалних извора Међународне организације рада (ILO) и националног законодавства,Резултат,0.89
2020,Ниво националне усклађености радних права (слобода удруживања и колективног преговарања) на основу текстуалних извора Међународне организације рада (ILO) и националног законодавства,Резултат,0.89
2021,Ниво националне усклађености радних права (слобода удруживања и колективног преговарања) на основу текстуалних извора Међународне организације рада (ILO) и националног законодавства,Резултат,0.89
