Year,SERIES,UNIT_MEASURE,Пол,SORT,Степен урбанизације,Value
2013.0,NY_GDP_TOUR,Проценат,,,,2.3
2014.0,NY_GDP_TOUR,Проценат,,,,2.3
2015.0,NY_GDP_TOUR,Проценат,,,,2.2
2016.0,NY_GDP_TOUR,Проценат,,,,2.2
2017.0,NY_GDP_TOUR,Проценат,,,,2.3
2018.0,NY_GDP_TOUR,Проценат,,,,2.2
2019.0,NY_GDP_TOUR,Проценат,,,,2.3
2020.0,NY_GDP_TOUR,Проценат,,,,1.7
2021.0,NY_GDP_TOUR,Проценат,,,,1.9
2013.0,TOUR_ARR,Хиљаде,,,Укупно,577.0
2014.0,TOUR_ARR,Хиљаде,,,Укупно,576.0
2015.0,TOUR_ARR,Хиљаде,,,Укупно,723.0
2016.0,TOUR_ARR,Хиљаде,,,Укупно,812.0
2017.0,TOUR_ARR,Хиљаде,,,Укупно,949.0
2018.0,TOUR_ARR,Хиљаде,,,Укупно,1.071
2019.0,TOUR_ARR,Хиљаде,,,Укупно,1.227
2020.0,TOUR_ARR,Хиљаде,,,Укупно,306.0
2021.0,TOUR_ARR,Хиљаде,,,Укупно,667.0
2022.0,TOUR_ARR,Хиљаде,,,Укупно,1.024
2023.0,TOUR_ARR,Хиљаде,,,Укупно,1.262
2013.0,TOUR_ARR,Хиљаде,,,DOM,166.0
2014.0,TOUR_ARR,Хиљаде,,,DOM,163.0
2015.0,TOUR_ARR,Хиљаде,,,DOM,186.0
2016.0,TOUR_ARR,Хиљаде,,,DOM,199.0
2017.0,TOUR_ARR,Хиљаде,,,DOM,210.0
2018.0,TOUR_ARR,Хиљаде,,,DOM,228.0
2019.0,TOUR_ARR,Хиљаде,,,DOM,256.0
2020.0,TOUR_ARR,Хиљаде,,,DOM,177.0
2021.0,TOUR_ARR,Хиљаде,,,DOM,289.0
2022.0,TOUR_ARR,Хиљаде,,,DOM,338.0
2023.0,TOUR_ARR,Хиљаде,,,DOM,350.0
2013.0,TOUR_ARR,Хиљаде,,,FOR,411.0
2014.0,TOUR_ARR,Хиљаде,,,FOR,413.0
2015.0,TOUR_ARR,Хиљаде,,,FOR,537.0
2016.0,TOUR_ARR,Хиљаде,,,FOR,613.0
2017.0,TOUR_ARR,Хиљаде,,,FOR,739.0
2018.0,TOUR_ARR,Хиљаде,,,FOR,843.0
2019.0,TOUR_ARR,Хиљаде,,,FOR,971.0
2020.0,TOUR_ARR,Хиљаде,,,FOR,129.0
2021.0,TOUR_ARR,Хиљаде,,,FOR,378.0
2022.0,TOUR_ARR,Хиљаде,,,FOR,686.0
2023.0,TOUR_ARR,Хиљаде,,,FOR,912.0
2013.0,TOUR_NIGHT,Хиљаде,,,Укупно,1.135
2014.0,TOUR_NIGHT,Хиљаде,,,Укупно,1.095
2015.0,TOUR_NIGHT,Хиљаде,,,Укупно,1.439
2016.0,TOUR_NIGHT,Хиљаде,,,Укупно,1.62
2017.0,TOUR_NIGHT,Хиљаде,,,Укупно,1.861
2018.0,TOUR_NIGHT,Хиљаде,,,Укупно,2.095
2019.0,TOUR_NIGHT,Хиљаде,,,Укупно,2.38
2020.0,TOUR_NIGHT,Хиљаде,,,Укупно,704.0
2021.0,TOUR_NIGHT,Хиљаде,,,Укупно,1.496
2022.0,TOUR_NIGHT,Хиљаде,,,Укупно,2.163
2023.0,TOUR_NIGHT,Хиљаде,,,Укупно,2.56
2013.0,TOUR_NIGHT,Хиљаде,,,DOM,309.0
2014.0,TOUR_NIGHT,Хиљаде,,,DOM,292.0
2015.0,TOUR_NIGHT,Хиљаде,,,DOM,342.0
2016.0,TOUR_NIGHT,Хиљаде,,,DOM,346.0
2017.0,TOUR_NIGHT,Хиљаде,,,DOM,364.0
2018.0,TOUR_NIGHT,Хиљаде,,,DOM,413.0
2019.0,TOUR_NIGHT,Хиљаде,,,DOM,479.0
2020.0,TOUR_NIGHT,Хиљаде,,,DOM,413.0
2021.0,TOUR_NIGHT,Хиљаде,,,DOM,571.0
2022.0,TOUR_NIGHT,Хиљаде,,,DOM,660.0
2023.0,TOUR_NIGHT,Хиљаде,,,DOM,680.0
2013.0,TOUR_NIGHT,Хиљаде,,,FOR,826.0
2014.0,TOUR_NIGHT,Хиљаде,,,FOR,803.0
2015.0,TOUR_NIGHT,Хиљаде,,,FOR,1.097
2016.0,TOUR_NIGHT,Хиљаде,,,FOR,1.274
2017.0,TOUR_NIGHT,Хиљаде,,,FOR,1.497
2018.0,TOUR_NIGHT,Хиљаде,,,FOR,1.682
2019.0,TOUR_NIGHT,Хиљаде,,,FOR,1.901
2020.0,TOUR_NIGHT,Хиљаде,,,FOR,291.0
2021.0,TOUR_NIGHT,Хиљаде,,,FOR,925.0
2022.0,TOUR_NIGHT,Хиљаде,,,FOR,1.503
2023.0,TOUR_NIGHT,Хиљаде,,,FOR,1.88
2013.0,NY_GDP_AGR,Проценат,,,,-2.1
2014.0,NY_GDP_AGR,Проценат,,,,0.0
2015.0,NY_GDP_AGR,Проценат,,,,2.2
2016.0,NY_GDP_AGR,Проценат,,,,1.8
2017.0,NY_GDP_AGR,Проценат,,,,9.3
2018.0,NY_GDP_AGR,Проценат,,,,3.0
2019.0,NY_GDP_AGR,Проценат,,,,6.8
2020.0,NY_GDP_AGR,Проценат,,,,-28.8
2021.0,NY_GDP_AGR,Проценат,,,,19.0
2022.0,NY_GDP_AGR,Проценат,,,,20.5
2017.0,TOUR_EMPLOY,,,_T,,24.754
2018.0,TOUR_EMPLOY,,,_T,,26.237
2019.0,TOUR_EMPLOY,,,_T,,27.414
2020.0,TOUR_EMPLOY,,,_T,,24.473
2021.0,TOUR_EMPLOY,,,_T,,24.679
2022.0,TOUR_EMPLOY,,,_T,,26.187
2023.0,TOUR_EMPLOY,,,_T,,27.315
2017.0,TOUR_EMPLOY,,,ACCOM,,4.542
2018.0,TOUR_EMPLOY,,,ACCOM,,4.842
2019.0,TOUR_EMPLOY,,,ACCOM,,4.976
2020.0,TOUR_EMPLOY,,,ACCOM,,3.811
2021.0,TOUR_EMPLOY,,,ACCOM,,3.78
2022.0,TOUR_EMPLOY,,,ACCOM,,4.371
2023.0,TOUR_EMPLOY,,,ACCOM,,4.755
2017.0,TOUR_EMPLOY,,,SERVICE,,20.212
2018.0,TOUR_EMPLOY,,,SERVICE,,21.395
2019.0,TOUR_EMPLOY,,,SERVICE,,22.438
2020.0,TOUR_EMPLOY,,,SERVICE,,20.662
2021.0,TOUR_EMPLOY,,,SERVICE,,20.899
2022.0,TOUR_EMPLOY,,,SERVICE,,21.816
2023.0,TOUR_EMPLOY,,,SERVICE,,22.56
,,,,,,
,,,,,,
,,,,,,
,,,,,,
,,,,,,
,,,,,,
,,,,,,
,,,,,,
,,,,,,
,,,,,,
