Year,SERIES,UNIT_MEASURE,BURDEN,HOUSEHOLD,URBANISATION,SERVICES,ACCESS,Value
2011,SP_ACS_BSRVH2O,PT,,,_T,,,98.8
2015,SP_ACS_BSRVH2O,PT,,,_T,,,99.7
2021/22,SP_ACS_BSRVH2O,PT,,,_T,,,99.8
2011,SP_ACS_BSRVH2O,PT,,,U,,,99.3
2015,SP_ACS_BSRVH2O,PT,,,U,,,99.9
2021/22,SP_ACS_BSRVH2O,PT,,,U,,,100.0
2011,SP_ACS_BSRVH2O,PT,,,O,,,98.3
2015,SP_ACS_BSRVH2O,PT,,,O,,,99.6
2021/22,SP_ACS_BSRVH2O,PT,,,O,,,99.6
2011,SP_ACS_COST,PT,HIGH_B,,,,,2.1
2015,SP_ACS_COST,PT,HIGH_B,,,,,7.4
2021/22,SP_ACS_COST,PT,HIGH_B,,,,,15.2
2011,SP_ACS_COST,PT,CERTAIN_B,,,,,56.5
2015,SP_ACS_COST,PT,CERTAIN_B,,,,,53.9
2021/22,SP_ACS_COST,PT,CERTAIN_B,,,,,45.7
2011,SP_ACS_COST,PT,NO_B,,,,,40.6
2015,SP_ACS_COST,PT,NO_B,,,,,38.7
2021/22,SP_ACS_COST,PT,NO_B,,,,,39.0
2011,SP_ACS_HEAT,PT,,,,,,16.7
2015,SP_ACS_HEAT,PT,,,,,,11.1
2021/22,SP_ACS_HEAT,PT,,,,,,9.2
2011,SP_ACS_HOUSE,PT,,LIGHT_P,,,,7.5
2015,SP_ACS_HOUSE,PT,,LIGHT_P,,,,5.6
2021/22,SP_ACS_HOUSE,PT,,LIGHT_P,,,,3.1
2011,SP_ACS_HOUSE,PT,,HEAT_P,,,,16.7
2015,SP_ACS_HOUSE,PT,,HEAT_P,,,,11.1
2021/22,SP_ACS_HOUSE,PT,,HEAT_P,,,,9.2
2011,SP_ACS_HOUSE,PT,,ROT_P,,,,14.3
2015,SP_ACS_HOUSE,PT,,ROT_P,,,,12.5
2021/22,SP_ACS_HOUSE,PT,,ROT_P,,,,3.7
2011,SP_ACS_HOUSE,PT,,HUMID_P,,,,16.7
2015,SP_ACS_HOUSE,PT,,HUMID_P,,,,14.3
2021/22,SP_ACS_HOUSE,PT,,HUMID_P,,,,6.5
2011,SP_ACS_HOUSE,PT,,RAIN_P,,,,9.0
2015,SP_ACS_HOUSE,PT,,RAIN_P,,,,7.1
2021/22,SP_ACS_HOUSE,PT,,RAIN_P,,,,2.3
2011,SP_ACS_SERV,,,,,GROCERY_S,DIFFICULT,15.4
2015,SP_ACS_SERV,,,,,GROCERY_S,DIFFICULT,17.3
2021/22,SP_ACS_SERV,,,,,GROCERY_S,DIFFICULT,13.3
2011,SP_ACS_SERV,,,,,GROCERY_S,EASY,84.4
2015,SP_ACS_SERV,,,,,GROCERY_S,EASY,82.5
2021/22,SP_ACS_SERV,,,,,GROCERY_S,EASY,86.5
2011,SP_ACS_SERV,,,,,GROCERY_S,NOT_USED,0.2
2015,SP_ACS_SERV,,,,,GROCERY_S,NOT_USED,0.0
2021/22,SP_ACS_SERV,,,,,GROCERY_S,NOT_USED,0.2
2011,SP_ACS_SERV,,,,,BANKING_S,DIFFICULT,35.8
2015,SP_ACS_SERV,,,,,BANKING_S,DIFFICULT,36.6
2021/22,SP_ACS_SERV,,,,,BANKING_S,DIFFICULT,29.4
2011,SP_ACS_SERV,,,,,BANKING_S,EASY,55.8
2015,SP_ACS_SERV,,,,,BANKING_S,EASY,54.8
2021/22,SP_ACS_SERV,,,,,BANKING_S,EASY,69.5
2011,SP_ACS_SERV,,,,,BANKING_S,NOT_USED,8.4
2015,SP_ACS_SERV,,,,,BANKING_S,NOT_USED,8.6
2021/22,SP_ACS_SERV,,,,,BANKING_S,NOT_USED,1.2
2011,SP_ACS_SERV,,,,,POSTAL_S,DIFFICULT,32.2
2015,SP_ACS_SERV,,,,,POSTAL_S,DIFFICULT,32.9
2021/22,SP_ACS_SERV,,,,,POSTAL_S,DIFFICULT,23.9
2011,SP_ACS_SERV,,,,,POSTAL_S,EASY,65.7
2015,SP_ACS_SERV,,,,,POSTAL_S,EASY,62.2
2021/22,SP_ACS_SERV,,,,,POSTAL_S,EASY,75.7
2011,SP_ACS_SERV,,,,,POSTAL_S,NOT_USED,2.1
2015,SP_ACS_SERV,,,,,POSTAL_S,NOT_USED,4.9
2021/22,SP_ACS_SERV,,,,,POSTAL_S,NOT_USED,0.5
2011,SP_ACS_SERV,,,,,TRANSPORT_S,DIFFICULT,19.1
2015,SP_ACS_SERV,,,,,TRANSPORT_S,DIFFICULT,22.3
2021/22,SP_ACS_SERV,,,,,TRANSPORT_S,DIFFICULT,19.2
2011,SP_ACS_SERV,,,,,TRANSPORT_S,EASY,73.6
2015,SP_ACS_SERV,,,,,TRANSPORT_S,EASY,62.4
2021/22,SP_ACS_SERV,,,,,TRANSPORT_S,EASY,73.5
2011,SP_ACS_SERV,,,,,TRANSPORT_S,NOT_USED,7.3
2015,SP_ACS_SERV,,,,,TRANSPORT_S,NOT_USED,15.3
2021/22,SP_ACS_SERV,,,,,TRANSPORT_S,NOT_USED,7.4
2011,SP_ACS_SERV,,,,,H_CARE_S,DIFFICULT,31.4
2015,SP_ACS_SERV,,,,,H_CARE_S,DIFFICULT,29.2
2021/22,SP_ACS_SERV,,,,,H_CARE_S,DIFFICULT,20.7
2011,SP_ACS_SERV,,,,,H_CARE_S,EASY,67.7
2015,SP_ACS_SERV,,,,,H_CARE_S,EASY,70.1
2021/22,SP_ACS_SERV,,,,,H_CARE_S,EASY,79.2
2011,SP_ACS_SERV,,,,,H_CARE_S,NOT_USED,0.9
2015,SP_ACS_SERV,,,,,H_CARE_S,NOT_USED,0.7
2021/22,SP_ACS_SERV,,,,,H_CARE_S,NOT_USED,0.1
2011,SP_ACS_SERV,,,,,EDU_S,DIFFICULT,11.3
2015,SP_ACS_SERV,,,,,EDU_S,DIFFICULT,8.0
2021/22,SP_ACS_SERV,,,,,EDU_S,DIFFICULT,7.3
2011,SP_ACS_SERV,,,,,EDU_S,EASY,37.1
2015,SP_ACS_SERV,,,,,EDU_S,EASY,29.5
2021/22,SP_ACS_SERV,,,,,EDU_S,EASY,40.8
2011,SP_ACS_SERV,,,,,EDU_S,NOT_USED,51.6
2015,SP_ACS_SERV,,,,,EDU_S,NOT_USED,62.5
2021/22,SP_ACS_SERV,,,,,EDU_S,NOT_USED,51.9
,,,,,,,,
