Year,SERIES,UNIT_MEASURE,SEX,COMPOSITE_BREAKDOWN,AGE,URBANISATION,Value
2017,SE_ADT_ACTS,PT,_T,SKILL_ICTARSP,Y15T24,_T,25.325
2019,SE_ADT_ACTS,PT,_T,SKILL_ICTARSP,Y15T24,_T,15.6519
2017,SE_ADT_ACTS,PT,_T,SKILL_ICTCMFL,Y15T24,_T,90.0649
2019,SE_ADT_ACTS,PT,_T,SKILL_ICTCMFL,Y15T24,_T,75.5154
2017,SE_ADT_ACTS,PT,_T,SKILL_ICTCOPA,Y15T24,_T,60.021
2019,SE_ADT_ACTS,PT,_T,SKILL_ICTCOPA,Y15T24,_T,51.8674
2021,SE_ADT_ACTS,PT,_T,SKILL_ICTCOPA,Y15T24,_T,75.0781
2019,SE_ADT_ACTS,PT,_T,SKILL_ICTEMAIL,Y15T24,_T,74.2412
2021,SE_ADT_ACTS,PT,_T,SKILL_ICTEMAIL,Y15T24,_T,52.4924
2017,SE_ADT_ACTS,PT,_T,SKILL_ICTEPRS,Y15T24,_T,36.1258
2019,SE_ADT_ACTS,PT,_T,SKILL_ICTEPRS,Y15T24,_T,29.3536
2021,SE_ADT_ACTS,PT,_T,SKILL_ICTEPRS,Y15T24,_T,35.0044
2021,SE_ADT_ACTS,PT,_T,SKILL_INST,Y15T24,_T,21.5546
2017,SE_ADT_ACTS,PT,_T,SKILL_ICTPCPR,Y15T24,_T,5.0306
2019,SE_ADT_ACTS,PT,_T,SKILL_ICTPCPR,Y15T24,_T,9.6521
2021,SE_ADT_ACTS,PT,_T,SKILL_PRVCY,Y15T24,_T,20.5642
2021,SE_ADT_ACTS,PT,_T,SKILL_SCRTY,Y15T24,_T,18.716
2017,SE_ADT_ACTS,PT,_T,SKILL_ICTSOFT,Y15T24,_T,51.7198
2021,SE_ADT_ACTS,PT,_T,SKILL_ICTSOFT,Y15T24,_T,54.1798
2017,SE_ADT_ACTS,PT,_T,SKILL_ICTTRAF,Y15T24,_T,86.9837
2019,SE_ADT_ACTS,PT,_T,SKILL_ICTTRAF,Y15T24,_T,80.7212
2021,SE_ADT_ACTS,PT,_T,SKILL_ICTTRAF,Y15T24,_T,40.3945
2017,SE_ADT_ACTS,PT,F,SKILL_ICTARSP,Y15T24,_T,28.3095
2019,SE_ADT_ACTS,PT,F,SKILL_ICTARSP,Y15T24,_T,19.1719
2017,SE_ADT_ACTS,PT,F,SKILL_ICTCMFL,Y15T24,_T,90.5588
2019,SE_ADT_ACTS,PT,F,SKILL_ICTCMFL,Y15T24,_T,71.8847
2017,SE_ADT_ACTS,PT,F,SKILL_ICTCOPA,Y15T24,_T,60.9386
2019,SE_ADT_ACTS,PT,F,SKILL_ICTCOPA,Y15T24,_T,58.7037
2021,SE_ADT_ACTS,PT,F,SKILL_ICTCOPA,Y15T24,_T,74.2746
2019,SE_ADT_ACTS,PT,F,SKILL_ICTEMAIL,Y15T24,_T,78.3804
2021,SE_ADT_ACTS,PT,F,SKILL_ICTEMAIL,Y15T24,_T,54.8343
2017,SE_ADT_ACTS,PT,F,SKILL_ICTEPRS,Y15T24,_T,35.136
2019,SE_ADT_ACTS,PT,F,SKILL_ICTEPRS,Y15T24,_T,37.9807
2021,SE_ADT_ACTS,PT,F,SKILL_ICTEPRS,Y15T24,_T,31.4196
2021,SE_ADT_ACTS,PT,F,SKILL_INST,Y15T24,_T,18.4915
2017,SE_ADT_ACTS,PT,F,SKILL_ICTPCPR,Y15T24,_T,3.5364
2019,SE_ADT_ACTS,PT,F,SKILL_ICTPCPR,Y15T24,_T,8.0484
2021,SE_ADT_ACTS,PT,F,SKILL_PRVCY,Y15T24,_T,18.4915
2021,SE_ADT_ACTS,PT,F,SKILL_SCRTY,Y15T24,_T,17.6058
2017,SE_ADT_ACTS,PT,F,SKILL_ICTSOFT,Y15T24,_T,50.1609
2021,SE_ADT_ACTS,PT,F,SKILL_ICTSOFT,Y15T24,_T,56.2593
2017,SE_ADT_ACTS,PT,F,SKILL_ICTTRAF,Y15T24,_T,83.9854
2019,SE_ADT_ACTS,PT,F,SKILL_ICTTRAF,Y15T24,_T,80.9029
2021,SE_ADT_ACTS,PT,F,SKILL_ICTTRAF,Y15T24,_T,40.7279
2017,SE_ADT_ACTS,PT,M,SKILL_ICTARSP,Y15T24,_T,22.8013
2019,SE_ADT_ACTS,PT,M,SKILL_ICTARSP,Y15T24,_T,14.4235
2017,SE_ADT_ACTS,PT,M,SKILL_ICTCMFL,Y15T24,_T,89.6473
2019,SE_ADT_ACTS,PT,M,SKILL_ICTCMFL,Y15T24,_T,76.7823
2017,SE_ADT_ACTS,PT,M,SKILL_ICTCOPA,Y15T24,_T,59.2451
2019,SE_ADT_ACTS,PT,M,SKILL_ICTCOPA,Y15T24,_T,49.4818
2021,SE_ADT_ACTS,PT,M,SKILL_ICTCOPA,Y15T24,_T,76.0752
2019,SE_ADT_ACTS,PT,M,SKILL_ICTEMAIL,Y15T24,_T,72.7967
2021,SE_ADT_ACTS,PT,M,SKILL_ICTEMAIL,Y15T24,_T,49.5864
2017,SE_ADT_ACTS,PT,M,SKILL_ICTEPRS,Y15T24,_T,36.9629
2019,SE_ADT_ACTS,PT,M,SKILL_ICTEPRS,Y15T24,_T,26.343
2021,SE_ADT_ACTS,PT,M,SKILL_ICTEPRS,Y15T24,_T,39.4527
2021,SE_ADT_ACTS,PT,M,SKILL_INST,Y15T24,_T,25.3556
2017,SE_ADT_ACTS,PT,M,SKILL_ICTPCPR,Y15T24,_T,6.2941
2019,SE_ADT_ACTS,PT,M,SKILL_ICTPCPR,Y15T24,_T,10.2118
2021,SE_ADT_ACTS,PT,M,SKILL_PRVCY,Y15T24,_T,23.1361
2021,SE_ADT_ACTS,PT,M,SKILL_SCRTY,Y15T24,_T,20.0937
2017,SE_ADT_ACTS,PT,M,SKILL_ICTSOFT,Y15T24,_T,53.038
2021,SE_ADT_ACTS,PT,M,SKILL_ICTSOFT,Y15T24,_T,51.5995
2017,SE_ADT_ACTS,PT,M,SKILL_ICTTRAF,Y15T24,_T,89.519
2019,SE_ADT_ACTS,PT,M,SKILL_ICTTRAF,Y15T24,_T,80.6578
2021,SE_ADT_ACTS,PT,M,SKILL_ICTTRAF,Y15T24,_T,39.9809
2017,SE_ADT_ACTS,PT,_T,SKILL_ICTARSP,Y25T74,_T,7.092
2019,SE_ADT_ACTS,PT,_T,SKILL_ICTARSP,Y25T74,_T,6.5454
2017,SE_ADT_ACTS,PT,_T,SKILL_ICTCMFL,Y25T74,_T,55.7283
2019,SE_ADT_ACTS,PT,_T,SKILL_ICTCMFL,Y25T74,_T,40.8516
2017,SE_ADT_ACTS,PT,_T,SKILL_ICTCOPA,Y25T74,_T,24.0546
2019,SE_ADT_ACTS,PT,_T,SKILL_ICTCOPA,Y25T74,_T,18.9015
2021,SE_ADT_ACTS,PT,_T,SKILL_ICTCOPA,Y25T74,_T,53.6583
2019,SE_ADT_ACTS,PT,_T,SKILL_ICTEMAIL,Y25T74,_T,24.7476
2021,SE_ADT_ACTS,PT,_T,SKILL_ICTEMAIL,Y25T74,_T,30.0079
2017,SE_ADT_ACTS,PT,_T,SKILL_ICTEPRS,Y25T74,_T,9.4206
2019,SE_ADT_ACTS,PT,_T,SKILL_ICTEPRS,Y25T74,_T,8.8774
2021,SE_ADT_ACTS,PT,_T,SKILL_ICTEPRS,Y25T74,_T,14.7368
2021,SE_ADT_ACTS,PT,_T,SKILL_INST,Y25T74,_T,11.5238
2017,SE_ADT_ACTS,PT,_T,SKILL_ICTPCPR,Y25T74,_T,1.7091
2019,SE_ADT_ACTS,PT,_T,SKILL_ICTPCPR,Y25T74,_T,1.2257
2021,SE_ADT_ACTS,PT,_T,SKILL_PRVCY,Y25T74,_T,5.5472
2021,SE_ADT_ACTS,PT,_T,SKILL_SCRTY,Y25T74,_T,6.2521
2017,SE_ADT_ACTS,PT,_T,SKILL_ICTSOFT,Y25T74,_T,18.5155
2021,SE_ADT_ACTS,PT,_T,SKILL_ICTSOFT,Y25T74,_T,29.273
2017,SE_ADT_ACTS,PT,_T,SKILL_ICTTRAF,Y25T74,_T,56.245
2019,SE_ADT_ACTS,PT,_T,SKILL_ICTTRAF,Y25T74,_T,45.1866
2021,SE_ADT_ACTS,PT,_T,SKILL_ICTTRAF,Y25T74,_T,12.7656
2017,SE_ADT_ACTS,PT,F,SKILL_ICTARSP,Y25T74,_T,7.2161
2019,SE_ADT_ACTS,PT,F,SKILL_ICTARSP,Y25T74,_T,5.5713
2017,SE_ADT_ACTS,PT,F,SKILL_ICTCMFL,Y25T74,_T,54.3779
2019,SE_ADT_ACTS,PT,F,SKILL_ICTCMFL,Y25T74,_T,41.7908
2017,SE_ADT_ACTS,PT,F,SKILL_ICTCOPA,Y25T74,_T,22.0359
2019,SE_ADT_ACTS,PT,F,SKILL_ICTCOPA,Y25T74,_T,17.117
2021,SE_ADT_ACTS,PT,F,SKILL_ICTCOPA,Y25T74,_T,51.3753
2019,SE_ADT_ACTS,PT,F,SKILL_ICTEMAIL,Y25T74,_T,23.2487
2021,SE_ADT_ACTS,PT,F,SKILL_ICTEMAIL,Y25T74,_T,28.4276
2017,SE_ADT_ACTS,PT,F,SKILL_ICTEPRS,Y25T74,_T,7.9923
2019,SE_ADT_ACTS,PT,F,SKILL_ICTEPRS,Y25T74,_T,7.6622
2021,SE_ADT_ACTS,PT,F,SKILL_ICTEPRS,Y25T74,_T,13.5729
2021,SE_ADT_ACTS,PT,F,SKILL_INST,Y25T74,_T,9.93
2017,SE_ADT_ACTS,PT,F,SKILL_ICTPCPR,Y25T74,_T,0.7474
2019,SE_ADT_ACTS,PT,F,SKILL_ICTPCPR,Y25T74,_T,0.5985
2021,SE_ADT_ACTS,PT,F,SKILL_PRVCY,Y25T74,_T,4.4186
2021,SE_ADT_ACTS,PT,F,SKILL_SCRTY,Y25T74,_T,5.6007
2017,SE_ADT_ACTS,PT,F,SKILL_ICTSOFT,Y25T74,_T,16.5846
2021,SE_ADT_ACTS,PT,F,SKILL_ICTSOFT,Y25T74,_T,26.0693
2017,SE_ADT_ACTS,PT,F,SKILL_ICTTRAF,Y25T74,_T,53.4126
2019,SE_ADT_ACTS,PT,F,SKILL_ICTTRAF,Y25T74,_T,45.0656
2021,SE_ADT_ACTS,PT,F,SKILL_ICTTRAF,Y25T74,_T,12.3889
2017,SE_ADT_ACTS,PT,M,SKILL_ICTARSP,Y25T74,_T,6.9483
2019,SE_ADT_ACTS,PT,M,SKILL_ICTARSP,Y25T74,_T,7.831
2017,SE_ADT_ACTS,PT,M,SKILL_ICTCMFL,Y25T74,_T,57.2922
2019,SE_ADT_ACTS,PT,M,SKILL_ICTCMFL,Y25T74,_T,39.6121
2017,SE_ADT_ACTS,PT,M,SKILL_ICTCOPA,Y25T74,_T,26.3926
2019,SE_ADT_ACTS,PT,M,SKILL_ICTCOPA,Y25T74,_T,21.2563
2021,SE_ADT_ACTS,PT,M,SKILL_ICTCOPA,Y25T74,_T,56.2948
2019,SE_ADT_ACTS,PT,M,SKILL_ICTEMAIL,Y25T74,_T,26.7254
2021,SE_ADT_ACTS,PT,M,SKILL_ICTEMAIL,Y25T74,_T,31.8328
2017,SE_ADT_ACTS,PT,M,SKILL_ICTEPRS,Y25T74,_T,11.0747
2019,SE_ADT_ACTS,PT,M,SKILL_ICTEPRS,Y25T74,_T,10.4811
2021,SE_ADT_ACTS,PT,M,SKILL_ICTEPRS,Y25T74,_T,16.0809
2021,SE_ADT_ACTS,PT,M,SKILL_INST,Y25T74,_T,13.3645
2017,SE_ADT_ACTS,PT,M,SKILL_ICTPCPR,Y25T74,_T,2.8227
2019,SE_ADT_ACTS,PT,M,SKILL_ICTPCPR,Y25T74,_T,2.0534
2021,SE_ADT_ACTS,PT,M,SKILL_PRVCY,Y25T74,_T,6.8504
2021,SE_ADT_ACTS,PT,M,SKILL_SCRTY,Y25T74,_T,7.0043
2017,SE_ADT_ACTS,PT,M,SKILL_ICTSOFT,Y25T74,_T,20.7518
2021,SE_ADT_ACTS,PT,M,SKILL_ICTSOFT,Y25T74,_T,32.9728
2017,SE_ADT_ACTS,PT,M,SKILL_ICTTRAF,Y25T74,_T,59.5255
2019,SE_ADT_ACTS,PT,M,SKILL_ICTTRAF,Y25T74,_T,45.3462
2021,SE_ADT_ACTS,PT,M,SKILL_ICTTRAF,Y25T74,_T,13.2006
2017,SE_ADT_ACTS,PT,_T,SKILL_ICTARSP,_T,_T,9.1661
2019,SE_ADT_ACTS,PT,_T,SKILL_ICTARSP,_T,_T,7.5297
2021,SE_ADT_ACTS,PT,_T,SKILL_ICTARSP,_T,_T,18.0404
2017,SE_ADT_ACTS,PT,_T,SKILL_ICTCMFL,_T,_T,59.6343
2019,SE_ADT_ACTS,PT,_T,SKILL_ICTCMFL,_T,_T,44.598
2017,SE_ADT_ACTS,PT,_T,SKILL_ICTCOPA,_T,_T,28.1461
2019,SE_ADT_ACTS,PT,_T,SKILL_ICTCOPA,_T,_T,22.4644
2021,SE_ADT_ACTS,PT,_T,SKILL_ICTCOPA,_T,_T,55.3102
2019,SE_ADT_ACTS,PT,_T,SKILL_ICTEMAIL,_T,_T,30.0959
2021,SE_ADT_ACTS,PT,_T,SKILL_ICTEMAIL,_T,_T,31.7418
2017,SE_ADT_ACTS,PT,_T,SKILL_ICTEPRS,_T,_T,12.4585
2019,SE_ADT_ACTS,PT,_T,SKILL_ICTEPRS,_T,_T,11.0905
2021,SE_ADT_ACTS,PT,_T,SKILL_ICTEPRS,_T,_T,16.2998
2021,SE_ADT_ACTS,PT,_T,SKILL_INST,_T,_T,12.2974
2017,SE_ADT_ACTS,PT,_T,SKILL_ICTPCPR,_T,_T,2.0869
2019,SE_ADT_ACTS,PT,_T,SKILL_ICTPCPR,_T,_T,2.1364
2021,SE_ADT_ACTS,PT,_T,SKILL_ICTPCPR,_T,_T,2.0916
2021,SE_ADT_ACTS,PT,_T,SKILL_PRVCY,_T,_T,6.7052
2021,SE_ADT_ACTS,PT,_T,SKILL_SCRTY,_T,_T,7.2133
2017,SE_ADT_ACTS,PT,_T,SKILL_ICTSOFT,_T,_T,22.2927
2021,SE_ADT_ACTS,PT,_T,SKILL_ICTSOFT,_T,_T,31.1938
2017,SE_ADT_ACTS,PT,_T,SKILL_ICTTRAF,_T,_T,59.7417
2019,SE_ADT_ACTS,PT,_T,SKILL_ICTTRAF,_T,_T,49.0272
2021,SE_ADT_ACTS,PT,_T,SKILL_ICTTRAF,_T,_T,14.8963
2017,SE_ADT_ACTS,PT,F,SKILL_ICTARSP,_T,_T,9.2994
2019,SE_ADT_ACTS,PT,F,SKILL_ICTARSP,_T,_T,6.2816
2017,SE_ADT_ACTS,PT,F,SKILL_ICTCMFL,_T,_T,57.9513
2019,SE_ADT_ACTS,PT,F,SKILL_ICTCMFL,_T,_T,43.3625
2017,SE_ADT_ACTS,PT,F,SKILL_ICTCOPA,_T,_T,25.8782
2019,SE_ADT_ACTS,PT,F,SKILL_ICTCOPA,_T,_T,19.2888
2021,SE_ADT_ACTS,PT,F,SKILL_ICTCOPA,_T,_T,53.1953
2019,SE_ADT_ACTS,PT,F,SKILL_ICTEMAIL,_T,_T,26.1279
2021,SE_ADT_ACTS,PT,F,SKILL_ICTEMAIL,_T,_T,30.5263
2017,SE_ADT_ACTS,PT,F,SKILL_ICTEPRS,_T,_T,10.6731
2019,SE_ADT_ACTS,PT,F,SKILL_ICTEPRS,_T,_T,9.2455
2021,SE_ADT_ACTS,PT,F,SKILL_ICTEPRS,_T,_T,14.9913
2021,SE_ADT_ACTS,PT,F,SKILL_INST,_T,_T,10.6104
2017,SE_ADT_ACTS,PT,F,SKILL_ICTPCPR,_T,_T,1.0229
2019,SE_ADT_ACTS,PT,F,SKILL_ICTPCPR,_T,_T,0.9875
2021,SE_ADT_ACTS,PT,F,SKILL_PRVCY,_T,_T,5.5371
2021,SE_ADT_ACTS,PT,F,SKILL_SCRTY,_T,_T,6.5549
2017,SE_ADT_ACTS,PT,F,SKILL_ICTSOFT,_T,_T,19.9007
2021,SE_ADT_ACTS,PT,F,SKILL_ICTSOFT,_T,_T,28.4686
2017,SE_ADT_ACTS,PT,F,SKILL_ICTTRAF,_T,_T,56.432
2019,SE_ADT_ACTS,PT,F,SKILL_ICTTRAF,_T,_T,46.9372
2021,SE_ADT_ACTS,PT,F,SKILL_ICTTRAF,_T,_T,14.6411
2017,SE_ADT_ACTS,PT,M,SKILL_ICTARSP,_T,_T,9.0173
2019,SE_ADT_ACTS,PT,M,SKILL_ICTARSP,_T,_T,8.9678
2017,SE_ADT_ACTS,PT,M,SKILL_ICTCMFL,_T,_T,61.5149
2019,SE_ADT_ACTS,PT,M,SKILL_ICTCMFL,_T,_T,46.0217
2017,SE_ADT_ACTS,PT,M,SKILL_ICTCOPA,_T,_T,30.6802
2019,SE_ADT_ACTS,PT,M,SKILL_ICTCOPA,_T,_T,26.1235
2021,SE_ADT_ACTS,PT,M,SKILL_ICTCOPA,_T,_T,57.766
2019,SE_ADT_ACTS,PT,M,SKILL_ICTEMAIL,_T,_T,34.6681
2021,SE_ADT_ACTS,PT,M,SKILL_ICTEMAIL,_T,_T,33.1533
2017,SE_ADT_ACTS,PT,M,SKILL_ICTEPRS,_T,_T,14.4534
2019,SE_ADT_ACTS,PT,M,SKILL_ICTEPRS,_T,_T,13.2163
2021,SE_ADT_ACTS,PT,M,SKILL_ICTEPRS,_T,_T,17.8193
2021,SE_ADT_ACTS,PT,M,SKILL_INST,_T,_T,14.2564
2017,SE_ADT_ACTS,PT,M,SKILL_ICTPCPR,_T,_T,3.2758
2019,SE_ADT_ACTS,PT,M,SKILL_ICTPCPR,_T,_T,3.4602
2021,SE_ADT_ACTS,PT,M,SKILL_PRVCY,_T,_T,8.0617
2021,SE_ADT_ACTS,PT,M,SKILL_SCRTY,_T,_T,7.9778
2017,SE_ADT_ACTS,PT,M,SKILL_ICTSOFT,_T,_T,24.9654
2021,SE_ADT_ACTS,PT,M,SKILL_ICTSOFT,_T,_T,34.3584
2017,SE_ADT_ACTS,PT,M,SKILL_ICTTRAF,_T,_T,63.4398
2019,SE_ADT_ACTS,PT,M,SKILL_ICTTRAF,_T,_T,51.4354
2021,SE_ADT_ACTS,PT,M,SKILL_ICTTRAF,_T,_T,15.1926
2017,SE_ADT_ACTS,PT,_T,SKILL_ICTARSP,_T,R,7.421
2019,SE_ADT_ACTS,PT,_T,SKILL_ICTARSP,_T,R,5.467
2017,SE_ADT_ACTS,PT,_T,SKILL_ICTCMFL,_T,R,55.4858
2019,SE_ADT_ACTS,PT,_T,SKILL_ICTCMFL,_T,R,41.8245
2017,SE_ADT_ACTS,PT,_T,SKILL_ICTCOPA,_T,R,23.8352
2019,SE_ADT_ACTS,PT,_T,SKILL_ICTCOPA,_T,R,19.3842
2021,SE_ADT_ACTS,PT,_T,SKILL_ICTCOPA,_T,R,52.9316
2019,SE_ADT_ACTS,PT,_T,SKILL_ICTEMAIL,_T,R,24.9428
2021,SE_ADT_ACTS,PT,_T,SKILL_ICTEMAIL,_T,R,29.1615
2017,SE_ADT_ACTS,PT,_T,SKILL_ICTEPRS,_T,R,7.6358
2019,SE_ADT_ACTS,PT,_T,SKILL_ICTEPRS,_T,R,8.4952
2021,SE_ADT_ACTS,PT,_T,SKILL_ICTEPRS,_T,R,14.4463
2021,SE_ADT_ACTS,PT,_T,SKILL_INST,_T,R,10.5366
2017,SE_ADT_ACTS,PT,_T,SKILL_ICTPCPR,_T,R,1.8052
2019,SE_ADT_ACTS,PT,_T,SKILL_ICTPCPR,_T,R,1.8106
2021,SE_ADT_ACTS,PT,_T,SKILL_PRVCY,_T,R,5.0968
2021,SE_ADT_ACTS,PT,_T,SKILL_SCRTY,_T,R,6.1761
2017,SE_ADT_ACTS,PT,_T,SKILL_ICTSOFT,_T,R,18.2172
2021,SE_ADT_ACTS,PT,_T,SKILL_ICTSOFT,_T,R,29.5152
2017,SE_ADT_ACTS,PT,_T,SKILL_ICTTRAF,_T,R,56.9408
2019,SE_ADT_ACTS,PT,_T,SKILL_ICTTRAF,_T,R,46.0333
2021,SE_ADT_ACTS,PT,_T,SKILL_ICTTRAF,_T,R,12.8297
2017,SE_ADT_ACTS,PT,F,SKILL_ICTARSP,_T,R,7.5968
2019,SE_ADT_ACTS,PT,F,SKILL_ICTARSP,_T,R,4.5667
2017,SE_ADT_ACTS,PT,F,SKILL_ICTCMFL,_T,R,52.5243
2019,SE_ADT_ACTS,PT,F,SKILL_ICTCMFL,_T,R,42.3697
2017,SE_ADT_ACTS,PT,F,SKILL_ICTCOPA,_T,R,20.5193
2019,SE_ADT_ACTS,PT,F,SKILL_ICTCOPA,_T,R,16.4503
2021,SE_ADT_ACTS,PT,F,SKILL_ICTCOPA,_T,R,51.6408
2019,SE_ADT_ACTS,PT,F,SKILL_ICTEMAIL,_T,R,22.0356
2021,SE_ADT_ACTS,PT,F,SKILL_ICTEMAIL,_T,R,27.5185
2017,SE_ADT_ACTS,PT,F,SKILL_ICTEPRS,_T,R,6.0521
2019,SE_ADT_ACTS,PT,F,SKILL_ICTEPRS,_T,R,6.2373
2021,SE_ADT_ACTS,PT,F,SKILL_ICTEPRS,_T,R,12.6906
2021,SE_ADT_ACTS,PT,F,SKILL_INST,_T,R,9.5598
2017,SE_ADT_ACTS,PT,F,SKILL_ICTPCPR,_T,R,0.866
2019,SE_ADT_ACTS,PT,F,SKILL_ICTPCPR,_T,R,0.7671
2021,SE_ADT_ACTS,PT,F,SKILL_PRVCY,_T,R,3.1001
2021,SE_ADT_ACTS,PT,F,SKILL_SCRTY,_T,R,5.0127
2017,SE_ADT_ACTS,PT,F,SKILL_ICTSOFT,_T,R,14.9522
2021,SE_ADT_ACTS,PT,F,SKILL_ICTSOFT,_T,R,25.3805
2017,SE_ADT_ACTS,PT,F,SKILL_ICTTRAF,_T,R,52.885
2019,SE_ADT_ACTS,PT,F,SKILL_ICTTRAF,_T,R,45.3787
2021,SE_ADT_ACTS,PT,F,SKILL_ICTTRAF,_T,R,11.9402
2017,SE_ADT_ACTS,PT,M,SKILL_ICTARSP,_T,R,7.2317
2019,SE_ADT_ACTS,PT,M,SKILL_ICTARSP,_T,R,6.4014
2017,SE_ADT_ACTS,PT,M,SKILL_ICTCMFL,_T,R,58.6738
2019,SE_ADT_ACTS,PT,M,SKILL_ICTCMFL,_T,R,41.2586
2017,SE_ADT_ACTS,PT,M,SKILL_ICTCOPA,_T,R,27.4049
2019,SE_ADT_ACTS,PT,M,SKILL_ICTCOPA,_T,R,22.4293
2021,SE_ADT_ACTS,PT,M,SKILL_ICTCOPA,_T,R,54.366
2019,SE_ADT_ACTS,PT,M,SKILL_ICTEMAIL,_T,R,27.9602
2021,SE_ADT_ACTS,PT,M,SKILL_ICTEMAIL,_T,R,30.9871
2017,SE_ADT_ACTS,PT,M,SKILL_ICTEPRS,_T,R,9.3406
2019,SE_ADT_ACTS,PT,M,SKILL_ICTEPRS,_T,R,10.8388
2021,SE_ADT_ACTS,PT,M,SKILL_ICTEPRS,_T,R,16.3971
2021,SE_ADT_ACTS,PT,M,SKILL_INST,_T,R,11.622
2017,SE_ADT_ACTS,PT,M,SKILL_ICTPCPR,_T,R,2.8163
2019,SE_ADT_ACTS,PT,M,SKILL_ICTPCPR,_T,R,2.8937
2021,SE_ADT_ACTS,PT,M,SKILL_PRVCY,_T,R,7.3155
2021,SE_ADT_ACTS,PT,M,SKILL_SCRTY,_T,R,7.4688
2017,SE_ADT_ACTS,PT,M,SKILL_ICTSOFT,_T,R,21.732
2021,SE_ADT_ACTS,PT,M,SKILL_ICTSOFT,_T,R,34.1096
2017,SE_ADT_ACTS,PT,M,SKILL_ICTTRAF,_T,R,61.3069
2019,SE_ADT_ACTS,PT,M,SKILL_ICTTRAF,_T,R,46.7127
2021,SE_ADT_ACTS,PT,M,SKILL_ICTTRAF,_T,R,13.818
2017,SE_ADT_ACTS,PT,_T,SKILL_ICTARSP,_T,U,11.5718
2019,SE_ADT_ACTS,PT,_T,SKILL_ICTARSP,_T,U,10.3254
2017,SE_ADT_ACTS,PT,_T,SKILL_ICTCMFL,_T,U,65.3526
2019,SE_ADT_ACTS,PT,_T,SKILL_ICTCMFL,_T,U,48.3572
2017,SE_ADT_ACTS,PT,_T,SKILL_ICTCOPA,_T,U,26.6393
2019,SE_ADT_ACTS,PT,_T,SKILL_ICTCOPA,_T,U,19.3842
2021,SE_ADT_ACTS,PT,_T,SKILL_ICTCOPA,_T,U,58.5006
2019,SE_ADT_ACTS,PT,_T,SKILL_ICTEMAIL,_T,U,37.0803
2021,SE_ADT_ACTS,PT,_T,SKILL_ICTEMAIL,_T,U,35.2029
2017,SE_ADT_ACTS,PT,_T,SKILL_ICTEPRS,_T,U,19.1059
2019,SE_ADT_ACTS,PT,_T,SKILL_ICTEPRS,_T,U,14.608
2021,SE_ADT_ACTS,PT,_T,SKILL_ICTEPRS,_T,U,18.786
2021,SE_ADT_ACTS,PT,_T,SKILL_INST,_T,U,14.6593
2017,SE_ADT_ACTS,PT,_T,SKILL_ICTPCPR,_T,U,2.4752
2019,SE_ADT_ACTS,PT,_T,SKILL_ICTPCPR,_T,U,2.578
2021,SE_ADT_ACTS,PT,_T,SKILL_PRVCY,_T,U,8.8627
2021,SE_ADT_ACTS,PT,_T,SKILL_SCRTY,_T,U,8.6045
2017,SE_ADT_ACTS,PT,_T,SKILL_ICTSOFT,_T,U,27.9103
2021,SE_ADT_ACTS,PT,_T,SKILL_ICTSOFT,_T,U,33.4453
2017,SE_ADT_ACTS,PT,_T,SKILL_ICTTRAF,_T,U,63.6026
2019,SE_ADT_ACTS,PT,_T,SKILL_ICTTRAF,_T,U,53.085
2021,SE_ADT_ACTS,PT,_T,SKILL_ICTTRAF,_T,U,17.6683
2017,SE_ADT_ACTS,PT,F,SKILL_ICTARSP,_T,U,11.5504
2019,SE_ADT_ACTS,PT,F,SKILL_ICTARSP,_T,U,8.3558
2017,SE_ADT_ACTS,PT,F,SKILL_ICTCMFL,_T,U,65.1259
2019,SE_ADT_ACTS,PT,F,SKILL_ICTCMFL,_T,U,44.5633
2017,SE_ADT_ACTS,PT,F,SKILL_ICTCOPA,_T,U,22.7221
2019,SE_ADT_ACTS,PT,F,SKILL_ICTCOPA,_T,U,19.3842
2021,SE_ADT_ACTS,PT,F,SKILL_ICTCOPA,_T,U,55.1835
2019,SE_ADT_ACTS,PT,F,SKILL_ICTEMAIL,_T,U,31.0779
2021,SE_ADT_ACTS,PT,F,SKILL_ICTEMAIL,_T,U,34.3732
2017,SE_ADT_ACTS,PT,F,SKILL_ICTEPRS,_T,U,16.7822
2019,SE_ADT_ACTS,PT,F,SKILL_ICTEPRS,_T,U,12.8841
2021,SE_ADT_ACTS,PT,F,SKILL_ICTEPRS,_T,U,17.9335
2021,SE_ADT_ACTS,PT,F,SKILL_INST,_T,U,11.954
2017,SE_ADT_ACTS,PT,F,SKILL_ICTPCPR,_T,U,1.2303
2019,SE_ADT_ACTS,PT,F,SKILL_ICTPCPR,_T,U,1.2542
2021,SE_ADT_ACTS,PT,F,SKILL_PRVCY,_T,U,8.6539
2021,SE_ADT_ACTS,PT,F,SKILL_SCRTY,_T,U,8.5273
2017,SE_ADT_ACTS,PT,F,SKILL_ICTSOFT,_T,U,26.4427
2021,SE_ADT_ACTS,PT,F,SKILL_ICTSOFT,_T,U,32.4182
2017,SE_ADT_ACTS,PT,F,SKILL_ICTTRAF,_T,U,61.1214
2019,SE_ADT_ACTS,PT,F,SKILL_ICTTRAF,_T,U,48.8223
2021,SE_ADT_ACTS,PT,F,SKILL_ICTTRAF,_T,U,18.0953
2017,SE_ADT_ACTS,PT,M,SKILL_ICTARSP,_T,U,11.597
2019,SE_ADT_ACTS,PT,M,SKILL_ICTARSP,_T,U,12.9437
2017,SE_ADT_ACTS,PT,M,SKILL_ICTCMFL,_T,U,65.6193
2019,SE_ADT_ACTS,PT,M,SKILL_ICTCMFL,_T,U,53.4007
2017,SE_ADT_ACTS,PT,M,SKILL_ICTCOPA,_T,U,35.4119
2019,SE_ADT_ACTS,PT,M,SKILL_ICTCOPA,_T,U,31.8467
2021,SE_ADT_ACTS,PT,M,SKILL_ICTCOPA,_T,U,62.5883
2019,SE_ADT_ACTS,PT,M,SKILL_ICTEMAIL,_T,U,45.0598
2021,SE_ADT_ACTS,PT,M,SKILL_ICTEMAIL,_T,U,36.2254
2017,SE_ADT_ACTS,PT,M,SKILL_ICTEPRS,_T,U,21.8395
2019,SE_ADT_ACTS,PT,M,SKILL_ICTEPRS,_T,U,16.8996
2021,SE_ADT_ACTS,PT,M,SKILL_ICTEPRS,_T,U,19.8366
2021,SE_ADT_ACTS,PT,M,SKILL_INST,_T,U,17.9928
2017,SE_ADT_ACTS,PT,M,SKILL_ICTPCPR,_T,U,3.9396
2019,SE_ADT_ACTS,PT,M,SKILL_ICTPCPR,_T,U,4.3378
2021,SE_ADT_ACTS,PT,M,SKILL_PRVCY,_T,U,9.1201
2021,SE_ADT_ACTS,PT,M,SKILL_SCRTY,_T,U,8.6996
2017,SE_ADT_ACTS,PT,M,SKILL_ICTSOFT,_T,U,29.6367
2021,SE_ADT_ACTS,PT,M,SKILL_ICTSOFT,_T,U,34.7109
2017,SE_ADT_ACTS,PT,M,SKILL_ICTTRAF,_T,U,66.5215
2019,SE_ADT_ACTS,PT,M,SKILL_ICTTRAF,_T,U,58.7518
2021,SE_ADT_ACTS,PT,M,SKILL_ICTTRAF,_T,U,17.1422
