Year,SERIES,UNIT_MEASURE,SEX,COMPOSITE_BREAKDOWN,EDUCATION_LEV,URBANISATION,AGE,Value
2017.0,SE_ADT_ACTS,PT,_T,SKILL_COMP,,,Y16T74,60.8
2018.0,SE_ADT_ACTS,PT,_T,SKILL_COMP,,,Y16T74,64.8
2019.0,SE_ADT_ACTS,PT,_T,SKILL_COMP,,,Y16T74,64.5
2020.0,SE_ADT_ACTS,PT,_T,SKILL_COMP,,,Y16T74,68.7
2021.0,SE_ADT_ACTS,PT,_T,SKILL_COMP,,,Y16T74,62.5
2022.0,SE_ADT_ACTS,PT,_T,SKILL_COMP,,,Y16T74,67.1
2017.0,SE_ADT_ACTS,PT,M,SKILL_COMP,,,Y16T74,63.0
2018.0,SE_ADT_ACTS,PT,M,SKILL_COMP,,,Y16T74,68.2
2019.0,SE_ADT_ACTS,PT,M,SKILL_COMP,,,Y16T74,64.4
2020.0,SE_ADT_ACTS,PT,M,SKILL_COMP,,,Y16T74,73.5
2021.0,SE_ADT_ACTS,PT,M,SKILL_COMP,,,Y16T74,66.9
2022.0,SE_ADT_ACTS,PT,M,SKILL_COMP,,,Y16T74,70.7
2017.0,SE_ADT_ACTS,PT,F,SKILL_COMP,,,Y16T74,58.3
2018.0,SE_ADT_ACTS,PT,F,SKILL_COMP,,,Y16T74,62.6
2019.0,SE_ADT_ACTS,PT,F,SKILL_COMP,,,Y16T74,64.7
2020.0,SE_ADT_ACTS,PT,F,SKILL_COMP,,,Y16T74,65.2
2021.0,SE_ADT_ACTS,PT,F,SKILL_COMP,,,Y16T74,58.7
2022.0,SE_ADT_ACTS,PT,F,SKILL_COMP,,,Y16T74,63.9
2017.0,SE_ADT_ACTS,PT,_T,SKILL_INTERNET,,,,65.1
2018.0,SE_ADT_ACTS,PT,_T,SKILL_INTERNET,,,,69.7
2019.0,SE_ADT_ACTS,PT,_T,SKILL_INTERNET,,,,68.6
2020.0,SE_ADT_ACTS,PT,_T,SKILL_INTERNET,,,,73.4
2021.0,SE_ADT_ACTS,PT,_T,SKILL_INTERNET,,,,72.5
2022.0,SE_ADT_ACTS,PT,_T,SKILL_INTERNET,,,,77.1
2017.0,SE_ADT_ACTS,PT,M,SKILL_INTERNET,,,,66.8
2018.0,SE_ADT_ACTS,PT,M,SKILL_INTERNET,,,,72.1
2019.0,SE_ADT_ACTS,PT,M,SKILL_INTERNET,,,,72.0
2020.0,SE_ADT_ACTS,PT,M,SKILL_INTERNET,,,,79.7
2021.0,SE_ADT_ACTS,PT,M,SKILL_INTERNET,,,,74.8
2022.0,SE_ADT_ACTS,PT,M,SKILL_INTERNET,,,,79.5
2017.0,SE_ADT_ACTS,PT,F,SKILL_INTERNET,,,,63.1
2018.0,SE_ADT_ACTS,PT,F,SKILL_INTERNET,,,,68.1
2019.0,SE_ADT_ACTS,PT,F,SKILL_INTERNET,,,,66.1
2020.0,SE_ADT_ACTS,PT,F,SKILL_INTERNET,,,,68.9
2021.0,SE_ADT_ACTS,PT,F,SKILL_INTERNET,,,,70.6
2022.0,SE_ADT_ACTS,PT,F,SKILL_INTERNET,,,,74.9
2017.0,SE_ADT_ACTS,PT,,SKILL_COMP,,R,,56.2
2018.0,SE_ADT_ACTS,PT,,SKILL_COMP,,R,,61.2
2019.0,SE_ADT_ACTS,PT,,SKILL_COMP,,R,,64.1
2020.0,SE_ADT_ACTS,PT,,SKILL_COMP,,R,,67.2
2021.0,SE_ADT_ACTS,PT,,SKILL_COMP,,R,,60.9
2022.0,SE_ADT_ACTS,PT,,SKILL_COMP,,R,,64.6
2017.0,SE_ADT_ACTS,PT,,SKILL_COMP,,U,,66.8
2018.0,SE_ADT_ACTS,PT,,SKILL_COMP,,U,,68.5
2019.0,SE_ADT_ACTS,PT,,SKILL_COMP,,U,,65.1
2020.0,SE_ADT_ACTS,PT,,SKILL_COMP,,U,,70.7
2021.0,SE_ADT_ACTS,PT,,SKILL_COMP,,U,,64.4
2022.0,SE_ADT_ACTS,PT,,SKILL_COMP,,U,,70.2
2017.0,SE_ADT_ACTS,PT,,SKILL_INTERNET,,R,,60.5
2018.0,SE_ADT_ACTS,PT,,SKILL_INTERNET,,R,,65.0
2019.0,SE_ADT_ACTS,PT,,SKILL_INTERNET,,R,,69.5
2020.0,SE_ADT_ACTS,PT,,SKILL_INTERNET,,R,,71.3
2021.0,SE_ADT_ACTS,PT,,SKILL_INTERNET,,R,,68.8
2022.0,SE_ADT_ACTS,PT,,SKILL_INTERNET,,R,,75.3
2017.0,SE_ADT_ACTS,PT,,SKILL_INTERNET,,U,,71.0
2018.0,SE_ADT_ACTS,PT,,SKILL_INTERNET,,U,,74.6
2019.0,SE_ADT_ACTS,PT,,SKILL_INTERNET,,U,,67.6
2020.0,SE_ADT_ACTS,PT,,SKILL_INTERNET,,U,,76.2
2021.0,SE_ADT_ACTS,PT,,SKILL_INTERNET,,U,,76.9
2022.0,SE_ADT_ACTS,PT,,SKILL_INTERNET,,U,,79.2
2017.0,SE_ADT_ACTS,PT,,SKILL_COMP,PRIMAR,,,29.9
2018.0,SE_ADT_ACTS,PT,,SKILL_COMP,PRIMAR,,,32.1
2019.0,SE_ADT_ACTS,PT,,SKILL_COMP,PRIMAR,,,40.2
2020.0,SE_ADT_ACTS,PT,,SKILL_COMP,PRIMAR,,,40.8
2021.0,SE_ADT_ACTS,PT,,SKILL_COMP,PRIMAR,,,33.6
2022.0,SE_ADT_ACTS,PT,,SKILL_COMP,PRIMAR,,,39.6
2017.0,SE_ADT_ACTS,PT,,SKILL_COMP,MID_SCH,,,70.8
2018.0,SE_ADT_ACTS,PT,,SKILL_COMP,MID_SCH,,,76.3
2019.0,SE_ADT_ACTS,PT,,SKILL_COMP,MID_SCH,,,68.6
2020.0,SE_ADT_ACTS,PT,,SKILL_COMP,MID_SCH,,,76.1
2021.0,SE_ADT_ACTS,PT,,SKILL_COMP,MID_SCH,,,70.8
2022.0,SE_ADT_ACTS,PT,,SKILL_COMP,MID_SCH,,,73.3
2017.0,SE_ADT_ACTS,PT,,SKILL_COMP,UNI_SCH,,,93.2
2018.0,SE_ADT_ACTS,PT,,SKILL_COMP,UNI_SCH,,,92.9
2019.0,SE_ADT_ACTS,PT,,SKILL_COMP,UNI_SCH,,,97.1
2020.0,SE_ADT_ACTS,PT,,SKILL_COMP,UNI_SCH,,,93.6
2021.0,SE_ADT_ACTS,PT,,SKILL_COMP,UNI_SCH,,,93.7
2022.0,SE_ADT_ACTS,PT,,SKILL_COMP,UNI_SCH,,,96.6
2017.0,SE_ADT_ACTS,PT,,SKILL_INTERNET,PRIMAR,,,36.3
2018.0,SE_ADT_ACTS,PT,,SKILL_INTERNET,PRIMAR,,,40.6
2019.0,SE_ADT_ACTS,PT,,SKILL_INTERNET,PRIMAR,,,42.9
2020.0,SE_ADT_ACTS,PT,,SKILL_INTERNET,PRIMAR,,,46.8
2021.0,SE_ADT_ACTS,PT,,SKILL_INTERNET,PRIMAR,,,48.7
2022.0,SE_ADT_ACTS,PT,,SKILL_INTERNET,PRIMAR,,,49.4
2017.0,SE_ADT_ACTS,PT,,SKILL_INTERNET,MID_SCH,,,74.5
2018.0,SE_ADT_ACTS,PT,,SKILL_INTERNET,MID_SCH,,,79.8
2019.0,SE_ADT_ACTS,PT,,SKILL_INTERNET,MID_SCH,,,74.6
2020.0,SE_ADT_ACTS,PT,,SKILL_INTERNET,MID_SCH,,,80.9
2021.0,SE_ADT_ACTS,PT,,SKILL_INTERNET,MID_SCH,,,80.7
2022.0,SE_ADT_ACTS,PT,,SKILL_INTERNET,MID_SCH,,,85.1
2017.0,SE_ADT_ACTS,PT,,SKILL_INTERNET,UNI_SCH,,,94.6
2018.0,SE_ADT_ACTS,PT,,SKILL_INTERNET,UNI_SCH,,,95.7
2019.0,SE_ADT_ACTS,PT,,SKILL_INTERNET,UNI_SCH,,,95.0
2020.0,SE_ADT_ACTS,PT,,SKILL_INTERNET,UNI_SCH,,,95.1
2021.0,SE_ADT_ACTS,PT,,SKILL_INTERNET,UNI_SCH,,,91.5
2022.0,SE_ADT_ACTS,PT,,SKILL_INTERNET,UNI_SCH,,,97.4
,,,,,,,,
