Year,SERIES,UNIT_MEASURE,EDUCATION_LEV,INCOME_WEALTH_QUANTILE,SEX,COMPOSITE_BREAKDOWN,URBANISATION,AGE,Value
2014,SE_AGP_CPRA,RO,LOWSEC,_T,,,_T,,1.00305
2015,SE_AGP_CPRA,RO,LOWSEC,_T,,,_T,,1.00407
2016,SE_AGP_CPRA,RO,LOWSEC,_T,,,_T,,1.00407
2014,SE_AGP_CPRA,RO,LOWSEC,Q1,,,_T,,
2014,SE_AGP_CPRA,RO,LOWSEC,Q2,,,_T,,
2014,SE_AGP_CPRA,RO,LOWSEC,Q3,,,_T,,
2014,SE_AGP_CPRA,RO,LOWSEC,Q4,,,_T,,
2014,SE_AGP_CPRA,RO,LOWSEC,Q5,,,_T,,
2014,SE_AGP_CPRA,RO,PRIMAR,_T,,,_T,,1.003
2015,SE_AGP_CPRA,RO,PRIMAR,_T,,,_T,,1.003
2016,SE_AGP_CPRA,RO,PRIMAR,_T,,,_T,,1.003
2014,SE_AGP_CPRA,RO,PRIMAR,Q1,,,_T,,
2014,SE_AGP_CPRA,RO,PRIMAR,Q2,,,_T,,
2014,SE_AGP_CPRA,RO,PRIMAR,Q3,,,_T,,
2014,SE_AGP_CPRA,RO,PRIMAR,Q4,,,_T,,
2014,SE_AGP_CPRA,RO,PRIMAR,Q5,,,_T,,
2014,SE_AGP_CPRA,RO,UPPSEC,_T,,,_T,,1.1482
2015,SE_AGP_CPRA,RO,UPPSEC,_T,,,_T,,1.1509
2016,SE_AGP_CPRA,RO,UPPSEC,_T,,,_T,,1.1539
2014,SE_AGP_CPRA,RO,UPPSEC,Q1,,,_T,,
2014,SE_AGP_CPRA,RO,UPPSEC,Q2,,,_T,,
2014,SE_AGP_CPRA,RO,UPPSEC,Q3,,,_T,,
2014,SE_AGP_CPRA,RO,UPPSEC,Q4,,,_T,,
2014,SE_AGP_CPRA,RO,UPPSEC,Q5,,,_T,,
2014,SE_AGP_CPRA,RO,LOWSEC,_T,,,R,,
2014,SE_AGP_CPRA,RO,LOWSEC,Q1,,,R,,
2014,SE_AGP_CPRA,RO,LOWSEC,Q2,,,R,,
2014,SE_AGP_CPRA,RO,LOWSEC,Q3,,,R,,
2014,SE_AGP_CPRA,RO,LOWSEC,Q4,,,R,,
2014,SE_AGP_CPRA,RO,LOWSEC,Q5,,,R,,
2014,SE_AGP_CPRA,RO,PRIMAR,_T,,,R,,
2014,SE_AGP_CPRA,RO,PRIMAR,Q1,,,R,,
2014,SE_AGP_CPRA,RO,PRIMAR,Q2,,,R,,
2014,SE_AGP_CPRA,RO,PRIMAR,Q3,,,R,,
2014,SE_AGP_CPRA,RO,PRIMAR,Q4,,,R,,
2014,SE_AGP_CPRA,RO,PRIMAR,Q5,,,R,,
2014,SE_AGP_CPRA,RO,UPPSEC,_T,,,R,,
2014,SE_AGP_CPRA,RO,UPPSEC,Q1,,,R,,
2014,SE_AGP_CPRA,RO,UPPSEC,Q2,,,R,,
2014,SE_AGP_CPRA,RO,UPPSEC,Q3,,,R,,
2014,SE_AGP_CPRA,RO,UPPSEC,Q4,,,R,,
2014,SE_AGP_CPRA,RO,UPPSEC,Q5,,,R,,
2014,SE_AGP_CPRA,RO,LOWSEC,_T,,,U,,
2014,SE_AGP_CPRA,RO,LOWSEC,Q1,,,U,,
2014,SE_AGP_CPRA,RO,LOWSEC,Q2,,,U,,
2014,SE_AGP_CPRA,RO,LOWSEC,Q3,,,U,,
2014,SE_AGP_CPRA,RO,LOWSEC,Q4,,,U,,
2014,SE_AGP_CPRA,RO,LOWSEC,Q5,,,U,,
2014,SE_AGP_CPRA,RO,PRIMAR,_T,,,U,,
2014,SE_AGP_CPRA,RO,PRIMAR,Q1,,,U,,
2014,SE_AGP_CPRA,RO,PRIMAR,Q2,,,U,,
2014,SE_AGP_CPRA,RO,PRIMAR,Q3,,,U,,
2014,SE_AGP_CPRA,RO,PRIMAR,Q4,,,U,,
2014,SE_AGP_CPRA,RO,PRIMAR,Q5,,,U,,
2014,SE_AGP_CPRA,RO,UPPSEC,_T,,,U,,
2014,SE_AGP_CPRA,RO,UPPSEC,Q1,,,U,,
2014,SE_AGP_CPRA,RO,UPPSEC,Q2,,,U,,
2014,SE_AGP_CPRA,RO,UPPSEC,Q3,,,U,,
2014,SE_AGP_CPRA,RO,UPPSEC,Q4,,,U,,
2014,SE_AGP_CPRA,RO,UPPSEC,Q5,,,U,,
2018,SE_TOT_GPI,RO,LOWSEC,,,SKILL_READ,,,1.30087
2019,SE_TOT_GPI,RO,PRIMAR,,,SKILL_MATH,,,1.14329
2014,SE_GPI_PART,RO,,,,,,Y15T24,1.1
2015,SE_GPI_PART,RO,,,,,,Y15T24,1.2
2016,SE_GPI_PART,RO,,,,,,Y15T24,1.2
2017,SE_GPI_PART,RO,,,,,,Y15T24,1.2
2018,SE_GPI_PART,RO,,,,,,Y15T24,1.2
2019,SE_GPI_PART,RO,,,,,,Y15T24,1.1
2020,SE_GPI_PART,RO,,,,,,Y15T24,1.1
2021,SE_GPI_PART,RO,,,,,,Y15T24,1.2
2014,SE_GPI_PART,RO,,,,,,Y15T64,1.0
2015,SE_GPI_PART,RO,,,,,,Y15T64,1.1
2016,SE_GPI_PART,RO,,,,,,Y15T64,1.1
2017,SE_GPI_PART,RO,,,,,,Y15T64,1.1
2018,SE_GPI_PART,RO,,,,,,Y15T64,1.2
2019,SE_GPI_PART,RO,,,,,,Y15T64,1.0
2020,SE_GPI_PART,RO,,,,,,Y15T64,1.1
2021,SE_GPI_PART,RO,,,,,,Y15T64,1.1
2014,SE_GPI_PART,RO,,,,,,Y25T54,0.0
2015,SE_GPI_PART,RO,,,,,,Y25T54,1.2
2016,SE_GPI_PART,RO,,,,,,Y25T54,1.2
2017,SE_GPI_PART,RO,,,,,,Y25T54,1.2
2018,SE_GPI_PART,RO,,,,,,Y25T54,1.2
2019,SE_GPI_PART,RO,,,,,,Y25T54,1.1
2020,SE_GPI_PART,RO,,,,,,Y25T54,1.1
2021,SE_GPI_PART,RO,,,,,,Y25T54,1.1
2014,SE_GPI_PART,RO,,,,,,Y55T64,
2015,SE_GPI_PART,RO,,,,,,Y55T64,
2016,SE_GPI_PART,RO,,,,,,Y55T64,
2017,SE_GPI_PART,RO,,,,,,Y55T64,
2018,SE_GPI_PART,RO,,,,,,Y55T64,
2019,SE_GPI_PART,RO,,,,,,Y55T64,
2020,SE_GPI_PART,RO,,,,,,Y55T64,0.8
2021,SE_GPI_PART,RO,,,,,,Y55T64,
2019,SE_GPI_PTNPRE,RO,,,,,,,0.97203
2020,SE_GPI_PTNPRE,RO,,,,,,,0.9511
2021,SE_GPI_PTNPRE,RO,,,,,,,1.0061
2017,SE_GPI_ICTS,RO,,,,SKILL_ICTARSP,,,1.03128
2019,SE_GPI_ICTS,RO,,,,SKILL_ICTARSP,,,0.70046
2017,SE_GPI_ICTS,RO,,,,SKILL_ICTCMFL,,,0.94207
2019,SE_GPI_ICTS,RO,,,,SKILL_ICTCMFL,,,0.94222
2017,SE_GPI_ICTS,RO,,,,SKILL_ICTCOPA,,,0.84348
2019,SE_GPI_ICTS,RO,,,,SKILL_ICTCOPA,,,0.73837
2021,SE_GPI_ICTS,RO,,,,SKILL_ICTCOPA,,,0.9209
2019,SE_GPI_ICTS,RO,,,,SKILL_ICTEMAIL,,,0.75366
2021,SE_GPI_ICTS,RO,,,,SKILL_ICTEMAIL,,,0.9208
2017,SE_GPI_ICTS,RO,,,,SKILL_ICTEPRS,,,0.73845
2019,SE_GPI_ICTS,RO,,,,SKILL_ICTEPRS,,,0.69955
2021,SE_GPI_ICTS,RO,,,,SKILL_ICTEPRS,,,0.8413
2021,SE_GPI_ICTS,RO,,,,SKILL_INST,,,0.7443
2017,SE_GPI_ICTS,RO,,,,SKILL_ICTPCPR,,,0.31226
2019,SE_GPI_ICTS,RO,,,,SKILL_ICTPCPR,,,0.2854
2021,SE_GPI_ICTS,RO,,,,SKILL_PRVCY,,,0.6868
2021,SE_GPI_ICTS,RO,,,,SKILL_SCRTY,,,0.8216
2017,SE_GPI_ICTS,RO,,,,SKILL_ICTSOFT,,,0.79713
2021,SE_GPI_ICTS,RO,,,,SKILL_ICTSOFT,,,0.8286
2017,SE_GPI_ICTS,RO,,,,SKILL_ICTTRAF,,,0.88954
2019,SE_GPI_ICTS,RO,,,,SKILL_ICTTRAF,,,0.91255
2021,SE_GPI_ICTS,RO,,,,SKILL_ICTTRAF,,,0.9637
2018,SE_LGP_ACHI,RO,LOWSEC,,,SKILL_READ,,,0.85397
2019,SE_LGP_ACHI,RO,PRIMAR,,,SKILL_MATH,,,0.8731
2018,SE_NAP_ACHI,RO,LOWSEC,,,SKILL_READ,,,0.79283
2019,SE_NAP_ACHI,RO,LOWSEC,,,SKILL_MATH,,,1.1155
2018,SE_TOT_RUPI,RO,LOWSEC,,,SKILL_READ,,,0.5554
2019,SE_TOT_RUPI,RO,PRIMAR,,,SKILL_MATH,,,0.7634
2018,SE_TOT_SESPI,RO,LOWSEC,,,SKILL_READ,,,0.4988
2018,SE_TOT_SESPI,RO,PRIMAR,,,SKILL_MATH,,,0.8823
