Year,SERIES,UNIT_MEASURE,Stepen urbanizacije,Value
2004,Udio stanovništva koje živi ispod nacionalne granice siromaštva,Procenat,Ukupno,18.8
2007,Udio stanovništva koje živi ispod nacionalne granice siromaštva,Procenat,Ukupno,17.0
2011,Udio stanovništva koje živi ispod nacionalne granice siromaštva,Procenat,Ukupno,17.1
2015,Udio stanovništva koje živi ispod nacionalne granice siromaštva,Procenat,Ukupno,17.1
2004,Procenat domaćinstava koji živi ispod linije siromaštva,Procenat,Ukupno,18.3
2007,Procenat domaćinstava koji živi ispod linije siromaštva,Procenat,Ukupno,16.3
2011,Procenat domaćinstava koji živi ispod linije siromaštva,Procenat,Ukupno,16.0
2015,Procenat domaćinstava koji živi ispod linije siromaštva,Procenat,Ukupno,16.0
