Year,SERIES,UNIT_MEASURE,COMPOSITE_BREAKDOWN,Value
2013.0,Izvoz iz Federacije BiH po zemljama,Procenat,Njemačka,18.8
2013.0,Izvoz iz Federacije BiH po zemljama,Procenat,Hrvatska,14.7
2013.0,Izvoz iz Federacije BiH po zemljama,Procenat,Italija,10.6
2013.0,Izvoz iz Federacije BiH po zemljama,Procenat,Austrija,8.3
2013.0,Izvoz iz Federacije BiH po zemljama,Procenat,Slovenija,7.9
2013.0,Izvoz iz Federacije BiH po zemljama,Procenat,Srbija,5.9
2013.0,Izvoz iz Federacije BiH po zemljama,Procenat,Crna Gora,2.7
2013.0,Izvoz iz Federacije BiH po zemljama,Procenat,Češka,2.2
2013.0,Izvoz iz Federacije BiH po zemljama,Procenat,Turska,2.1
2013.0,Izvoz iz Federacije BiH po zemljama,Procenat,Kosovo,1.9
2013.0,Izvoz iz Federacije BiH po zemljama,Procenat,Ostale,25.0
,,,,
,,,,
,,,,
,,,,
,,,,
,,,,
,,,,
,,,,
,,,,
,,,,
,,,,
,,,,
,,,,
,,,,
,,,,
,,,,
,,,,
,,,,
,,,,
,,,,
,,,,
,,,,
,,,,
,,,,
,,,,
,,,,
,,,,
,,,,
,,,,
,,,,
,,,,
,,,,
,,,,
,,,,
,,,,
,,,,
,,,,
,,,,
,,,,
,,,,
,,,,
,,,,
,,,,
,,,,
,,,,
,,,,
,,,,
,,,,
,,,,
,,,,
,,,,
,,,,
,,,,
,,,,
,,,,
,,,,
,,,,
,,,,
,,,,
,,,,
,,,,
,,,,
,,,,
,,,,
,,,,
2020.0,Udio zemalja u razvoju i najmanje razvijenih zemalja u globalnom uvozu usluga (%),Procenat,,0.01065
2021.0,Udio zemalja u razvoju i najmanje razvijenih zemalja u globalnom uvozu usluga (%),Procenat,,0.01232
