Year,SERIES,UNIT_MEASURE,COMPOSITE_BREAKDOWN,Value
2013.0,Izvoz iz Federacije BiH po zemljama,Procenat,C_GER,18.8
2013.0,Izvoz iz Federacije BiH po zemljama,Procenat,C_CRO,14.7
2013.0,Izvoz iz Federacije BiH po zemljama,Procenat,C_ITA,10.6
2013.0,Izvoz iz Federacije BiH po zemljama,Procenat,C_AUT,8.3
2013.0,Izvoz iz Federacije BiH po zemljama,Procenat,C_SLO,7.9
2013.0,Izvoz iz Federacije BiH po zemljama,Procenat,C_SRB,5.9
2013.0,Izvoz iz Federacije BiH po zemljama,Procenat,C_MNE,2.7
2013.0,Izvoz iz Federacije BiH po zemljama,Procenat,C_CZE,2.2
2013.0,Izvoz iz Federacije BiH po zemljama,Procenat,C_TUR,2.1
2013.0,Izvoz iz Federacije BiH po zemljama,Procenat,C_KOS,1.9
2013.0,Izvoz iz Federacije BiH po zemljama,Procenat,OTH,25.0
,,,,
,,,,
,,,,
,,,,
,,,,
,,,,
,,,,
,,,,
,,,,
,,,,
,,,,
,,,,
,,,,
,,,,
,,,,
,,,,
,,,,
,,,,
,,,,
,,,,
,,,,
,,,,
,,,,
,,,,
,,,,
,,,,
,,,,
,,,,
,,,,
,,,,
,,,,
,,,,
,,,,
,,,,
,,,,
,,,,
,,,,
,,,,
,,,,
,,,,
,,,,
,,,,
,,,,
,,,,
,,,,
,,,,
,,,,
,,,,
,,,,
,,,,
,,,,
,,,,
,,,,
,,,,
,,,,
,,,,
,,,,
,,,,
,,,,
,,,,
,,,,
,,,,
,,,,
,,,,
,,,,
2020.0,Udio zemalja u razvoju i najmanje razvijenih zemalja u globalnom uvozu usluga (%),Procenat,,0.01065
2021.0,Udio zemalja u razvoju i najmanje razvijenih zemalja u globalnom uvozu usluga (%),Procenat,,0.01232
