Year,SERIES,UNIT_MEASURE,Value
2013.0,Prilivi direktnih stranih ulaganja u Federaciju BiH,Milioni konvertibilnih maraka,236.3
2014.0,Prilivi direktnih stranih ulaganja u Federaciju BiH,Milioni konvertibilnih maraka,405.3
2015.0,Prilivi direktnih stranih ulaganja u Federaciju BiH,Milioni konvertibilnih maraka,484.9
2016.0,Prilivi direktnih stranih ulaganja u Federaciju BiH,Milioni konvertibilnih maraka,520.2
2017.0,Prilivi direktnih stranih ulaganja u Federaciju BiH,Milioni konvertibilnih maraka,581.3
2018.0,Prilivi direktnih stranih ulaganja u Federaciju BiH,Milioni konvertibilnih maraka,574.6
2019.0,Prilivi direktnih stranih ulaganja u Federaciju BiH,Milioni konvertibilnih maraka,397.7
2020.0,Prilivi direktnih stranih ulaganja u Federaciju BiH,Milioni konvertibilnih maraka,514.4
2021.0,Prilivi direktnih stranih ulaganja u Federaciju BiH,Milioni konvertibilnih maraka,930.1
2022.0,Prilivi direktnih stranih ulaganja u Federaciju BiH,Milioni konvertibilnih maraka,1001.2
,,,
,,,
,,,
,,,
,,,
,,,
,,,
,,,
,,,
,,,
,,,
,,,
,,,
,,,
,,,
,,,
,,,
,,,
,,,
,,,
,,,
,,,
,,,
,,,
,,,
,,,
,,,
,,,
,,,
,,,
,,,
,,,
