Year,SERIES,UNIT_MEASURE,Spol,Value
2015,"Stopa smrtnosti zbog povreda u cestovnom saobraćaju, prema spolu (na 100.000 stanovnika)",Na 100 000 stanovnika,Oba spola ili bez podjele po spolu,15.8
2019,"Stopa smrtnosti zbog povreda u cestovnom saobraćaju, prema spolu (na 100.000 stanovnika)",Na 100 000 stanovnika,Oba spola ili bez podjele po spolu,13.5
2015,"Stopa smrtnosti zbog povreda u cestovnom saobraćaju, prema spolu (na 100.000 stanovnika)",Na 100 000 stanovnika,Žene,6.6
2019,"Stopa smrtnosti zbog povreda u cestovnom saobraćaju, prema spolu (na 100.000 stanovnika)",Na 100 000 stanovnika,Žene,5.9
2015,"Stopa smrtnosti zbog povreda u cestovnom saobraćaju, prema spolu (na 100.000 stanovnika)",Na 100 000 stanovnika,Muškarci,25.4
2019,"Stopa smrtnosti zbog povreda u cestovnom saobraćaju, prema spolu (na 100.000 stanovnika)",Na 100 000 stanovnika,Muškarci,21.4
