Year,SERIES,UNIT_MEASURE,Nivo obrazovanja,Spol,COMPOSITE_BREAKDOWN,Value
2018,Udio djece i mladih  koja postižu najmanje minimalan nivo dostignuća u čitanju i  matematici,Procenat,ISCED11_2,Oba spola ili bez podjele po spolu,Matematika,42.44
2018,Udio djece i mladih  koja postižu najmanje minimalan nivo dostignuća u čitanju i  matematici,Procenat,ISCED11_2,Oba spola ili bez podjele po spolu,Čitanje,46.32
2018,Udio djece i mladih  koja postižu najmanje minimalan nivo dostignuća u čitanju i  matematici,Procenat,ISCED11_2,Muškarci,Čitanje,38.29
2018,Udio djece i mladih  koja postižu najmanje minimalan nivo dostignuća u čitanju i  matematici,Procenat,ISCED11_2,Žene,Čitanje,54.77
2019,Udio djece i mladih  koja postižu najmanje minimalan nivo dostignuća u čitanju i  matematici,Procenat,ISCED11_1,Žene,Matematika,36.47
2019,Udio djece i mladih  koja postižu najmanje minimalan nivo dostignuća u čitanju i  matematici,Procenat,ISCED11_1,Muškarci,Matematika,42.57
2019,Udio djece i mladih  koja postižu najmanje minimalan nivo dostignuća u čitanju i  matematici,Procenat,ISCED11_1,Oba spola ili bez podjele po spolu,Matematika,39.55
