Year,SERIES,UNIT_MEASURE,COMPOSITE_BREAKDOWN,Spol,Value
2011-2012,"Udio djece koja su razvojno na pravom putu u najmanje tri od sljedećih domena: pismenost-računanje, fizički razvoj, socijalno-emocionalni razvoj i učenje",Procenat,Indeks ranog rasta i razvoja djece,Oba spola ili bez podjele po spolu,95.6
2011-2012,"Udio djece koja su razvojno na pravom putu u najmanje tri od sljedećih domena: pismenost-računanje, fizički razvoj, socijalno-emocionalni razvoj i učenje",Procenat,Pismenost/poznavanje brojeva,Oba spola ili bez podjele po spolu,26.7
2011-2012,"Udio djece koja su razvojno na pravom putu u najmanje tri od sljedećih domena: pismenost-računanje, fizički razvoj, socijalno-emocionalni razvoj i učenje",Procenat,Fizički razvoj,Oba spola ili bez podjele po spolu,99.5
2011-2012,"Udio djece koja su razvojno na pravom putu u najmanje tri od sljedećih domena: pismenost-računanje, fizički razvoj, socijalno-emocionalni razvoj i učenje",Procenat,Socijalno-emocijalni razvoj,Oba spola ili bez podjele po spolu,93.9
2011-2012,"Udio djece koja su razvojno na pravom putu u najmanje tri od sljedećih domena: pismenost-računanje, fizički razvoj, socijalno-emocionalni razvoj i učenje",Procenat,Učenje,Oba spola ili bez podjele po spolu,99.1
,,,,,
