Year,SERIES,UNIT_MEASURE,Stepen urbanizacije,Value
2011.0,Tekuća voda u stambenoj jedinici i iz pojedinačnog izvora,Procenat,Grad,99.3
2015.0,Tekuća voda u stambenoj jedinici i iz pojedinačnog izvora,Procenat,Grad,99.9
2011.0,Tekuća voda u stambenoj jedinici i iz pojedinačnog izvora,Procenat,Ostalo,98.3
2015.0,Tekuća voda u stambenoj jedinici i iz pojedinačnog izvora,Procenat,Ostalo,99.6
2011.0,Tekuća voda u stambenoj jedinici i iz pojedinačnog izvora,Procenat,Ukupno,98.8
2015.0,Tekuća voda u stambenoj jedinici i iz pojedinačnog izvora,Procenat,Ukupno,99.7
,,,,
,,,,
,,,,
