Year,SERIES,Podjela,Value
2013.0,Prevoz putnika i robe po granama saobraćaja,"Prevezeni putnici u željezničkom i cestovnom prijevozu, ukupno hilj.",20.424
2014.0,Prevoz putnika i robe po granama saobraćaja,"Prevezeni putnici u željezničkom i cestovnom prijevozu, ukupno hilj.",12.36
2015.0,Prevoz putnika i robe po granama saobraćaja,"Prevezeni putnici u željezničkom i cestovnom prijevozu, ukupno hilj.",11.309
2016.0,Prevoz putnika i robe po granama saobraćaja,"Prevezeni putnici u željezničkom i cestovnom prijevozu, ukupno hilj.",10.81
2017.0,Prevoz putnika i robe po granama saobraćaja,"Prevezeni putnici u željezničkom i cestovnom prijevozu, ukupno hilj.",9.835
2018.0,Prevoz putnika i robe po granama saobraćaja,"Prevezeni putnici u željezničkom i cestovnom prijevozu, ukupno hilj.",8.645
2019.0,Prevoz putnika i robe po granama saobraćaja,"Prevezeni putnici u željezničkom i cestovnom prijevozu, ukupno hilj.",8.17
2020.0,Prevoz putnika i robe po granama saobraćaja,"Prevezeni putnici u željezničkom i cestovnom prijevozu, ukupno hilj.",4.242
2021.0,Prevoz putnika i robe po granama saobraćaja,"Prevezeni putnici u željezničkom i cestovnom prijevozu, ukupno hilj.",5.631
2022.0,Prevoz putnika i robe po granama saobraćaja,"Prevezeni putnici u željezničkom i cestovnom prijevozu, ukupno hilj.",6.591
2023.0,Prevoz putnika i robe po granama saobraćaja,"Prevezeni putnici u željezničkom i cestovnom prijevozu, ukupno hilj.",6.426
2013.0,Prevoz putnika i robe po granama saobraćaja,"Putnički kilometri, ukupno mil.",1.304
2014.0,Prevoz putnika i robe po granama saobraćaja,"Putnički kilometri, ukupno mil.",1.249
2015.0,Prevoz putnika i robe po granama saobraćaja,"Putnički kilometri, ukupno mil.",1.313
2016.0,Prevoz putnika i robe po granama saobraćaja,"Putnički kilometri, ukupno mil.",1.339
2017.0,Prevoz putnika i robe po granama saobraćaja,"Putnički kilometri, ukupno mil.",1.267
2018.0,Prevoz putnika i robe po granama saobraćaja,"Putnički kilometri, ukupno mil.",1.352
2019.0,Prevoz putnika i robe po granama saobraćaja,"Putnički kilometri, ukupno mil.",1.43
2020.0,Prevoz putnika i robe po granama saobraćaja,"Putnički kilometri, ukupno mil.",545.0
2021.0,Prevoz putnika i robe po granama saobraćaja,"Putnički kilometri, ukupno mil.",728.0
2022.0,Prevoz putnika i robe po granama saobraćaja,"Putnički kilometri, ukupno mil.",1.048
2023.0,Prevoz putnika i robe po granama saobraćaja,"Putnički kilometri, ukupno mil.",1.096
2013.0,Prevoz putnika i robe po granama saobraćaja,"Prevezena roba, ukupno hilj. tona",12.332
2014.0,Prevoz putnika i robe po granama saobraćaja,"Prevezena roba, ukupno hilj. tona",13.183
2015.0,Prevoz putnika i robe po granama saobraćaja,"Prevezena roba, ukupno hilj. tona",14.483
2016.0,Prevoz putnika i robe po granama saobraćaja,"Prevezena roba, ukupno hilj. tona",14.594
2017.0,Prevoz putnika i robe po granama saobraćaja,"Prevezena roba, ukupno hilj. tona",14.828
2018.0,Prevoz putnika i robe po granama saobraćaja,"Prevezena roba, ukupno hilj. tona",15.199
2019.0,Prevoz putnika i robe po granama saobraćaja,"Prevezena roba, ukupno hilj. tona",15.296
2020.0,Prevoz putnika i robe po granama saobraćaja,"Prevezena roba, ukupno hilj. tona",13.465
2021.0,Prevoz putnika i robe po granama saobraćaja,"Prevezena roba, ukupno hilj. tona",13.942
2022.0,Prevoz putnika i robe po granama saobraćaja,"Prevezena roba, ukupno hilj. tona",14.539
2023.0,Prevoz putnika i robe po granama saobraćaja,"Prevezena roba, ukupno hilj. tona",13.971
2013.0,Prevoz putnika i robe po granama saobraćaja,"Tonski kilometri,ukupno mil.",2.425
2014.0,Prevoz putnika i robe po granama saobraćaja,"Tonski kilometri,ukupno mil.",2.935
2015.0,Prevoz putnika i robe po granama saobraćaja,"Tonski kilometri,ukupno mil.",3.283
2016.0,Prevoz putnika i robe po granama saobraćaja,"Tonski kilometri,ukupno mil.",3.442
2017.0,Prevoz putnika i robe po granama saobraćaja,"Tonski kilometri,ukupno mil.",3.465
2018.0,Prevoz putnika i robe po granama saobraćaja,"Tonski kilometri,ukupno mil.",3.643
2019.0,Prevoz putnika i robe po granama saobraćaja,"Tonski kilometri,ukupno mil.",3.759
2020.0,Prevoz putnika i robe po granama saobraćaja,"Tonski kilometri,ukupno mil.",3.222
2021.0,Prevoz putnika i robe po granama saobraćaja,"Tonski kilometri,ukupno mil.",3.782
2022.0,Prevoz putnika i robe po granama saobraćaja,"Tonski kilometri,ukupno mil.",4.042
2023.0,Prevoz putnika i robe po granama saobraćaja,"Tonski kilometri,ukupno mil.",4.102
2013.0,Željeznički prijevoz,"Prevezeni putnici, hilj.",416.0
2014.0,Željeznički prijevoz,"Prevezeni putnici, hilj.",355.0
2015.0,Željeznički prijevoz,"Prevezeni putnici, hilj.",334.0
2016.0,Željeznički prijevoz,"Prevezeni putnici, hilj.",258.0
2017.0,Željeznički prijevoz,"Prevezeni putnici, hilj.",355.0
2018.0,Željeznički prijevoz,"Prevezeni putnici, hilj.",413.0
2019.0,Željeznički prijevoz,"Prevezeni putnici, hilj.",497.0
2020.0,Željeznički prijevoz,"Prevezeni putnici, hilj.",123.0
2021.0,Željeznički prijevoz,"Prevezeni putnici, hilj.",190.0
2022.0,Željeznički prijevoz,"Prevezeni putnici, hilj.",360.0
2023.0,Željeznički prijevoz,"Prevezeni putnici, hilj.",359.0
2013.0,Željeznički prijevoz,"Putnički kilometri, mil.",25.0
2014.0,Željeznički prijevoz,"Putnički kilometri, mil.",22.0
2015.0,Željeznički prijevoz,"Putnički kilometri, mil.",21.0
2016.0,Željeznički prijevoz,"Putnički kilometri, mil.",13.0
2017.0,Željeznički prijevoz,"Putnički kilometri, mil.",22.0
2018.0,Željeznički prijevoz,"Putnički kilometri, mil.",30.0
2019.0,Željeznički prijevoz,"Putnički kilometri, mil.",40.0
2020.0,Željeznički prijevoz,"Putnički kilometri, mil.",10.0
2021.0,Željeznički prijevoz,"Putnički kilometri, mil.",15.0
2022.0,Željeznički prijevoz,"Putnički kilometri, mil.",27.0
2023.0,Željeznički prijevoz,"Putnički kilometri, mil.",29.0
2013.0,Željeznički prijevoz,"Prevezena roba, hilj. tona",8.168
2014.0,Željeznički prijevoz,"Prevezena roba, hilj. tona",8.497
2015.0,Željeznički prijevoz,"Prevezena roba, hilj. tona",8.713
2016.0,Željeznički prijevoz,"Prevezena roba, hilj. tona",8.739
2017.0,Željeznički prijevoz,"Prevezena roba, hilj. tona",8.725
2018.0,Željeznički prijevoz,"Prevezena roba, hilj. tona",8.945
2019.0,Željeznički prijevoz,"Prevezena roba, hilj. tona",8.971
2020.0,Željeznički prijevoz,"Prevezena roba, hilj. tona",7.616
2021.0,Željeznički prijevoz,"Prevezena roba, hilj. tona",7.92
2022.0,Željeznički prijevoz,"Prevezena roba, hilj. tona",7.894
2023.0,Željeznički prijevoz,"Prevezena roba, hilj. tona",6.99
2013.0,Željeznički prijevoz,"Tonski kilometri, mil.",787.0
2014.0,Željeznički prijevoz,"Tonski kilometri, mil.",885.0
2015.0,Željeznički prijevoz,"Tonski kilometri, mil.",835.0
2016.0,Željeznički prijevoz,"Tonski kilometri, mil.",768.0
2017.0,Željeznički prijevoz,"Tonski kilometri, mil.",730.0
2018.0,Željeznički prijevoz,"Tonski kilometri, mil.",807.0
2019.0,Željeznički prijevoz,"Tonski kilometri, mil.",856.0
2020.0,Željeznički prijevoz,"Tonski kilometri, mil.",667.0
2021.0,Željeznički prijevoz,"Tonski kilometri, mil.",801.0
2022.0,Željeznički prijevoz,"Tonski kilometri, mil.",834.0
2023.0,Željeznički prijevoz,"Tonski kilometri, mil.",890.0
2013.0,Cestovni prijevoz,"Prevezeni putnici, hilj.",20.008
2014.0,Cestovni prijevoz,"Prevezeni putnici, hilj.",12.005
2015.0,Cestovni prijevoz,"Prevezeni putnici, hilj.",10.975
2016.0,Cestovni prijevoz,"Prevezeni putnici, hilj.",10.552
2017.0,Cestovni prijevoz,"Prevezeni putnici, hilj.",9.48
2018.0,Cestovni prijevoz,"Prevezeni putnici, hilj.",8.232
2019.0,Cestovni prijevoz,"Prevezeni putnici, hilj.",7.673
2020.0,Cestovni prijevoz,"Prevezeni putnici, hilj.",4.119
2021.0,Cestovni prijevoz,"Prevezeni putnici, hilj.",5.441
2022.0,Cestovni prijevoz,"Prevezeni putnici, hilj.",6.231
2023.0,Cestovni prijevoz,"Prevezeni putnici, hilj.",6.067
2013.0,Cestovni prijevoz,"Putnički kilometri, mil.",1.279
2014.0,Cestovni prijevoz,"Putnički kilometri, mil.",1.227
2015.0,Cestovni prijevoz,"Putnički kilometri, mil.",1.292
2016.0,Cestovni prijevoz,"Putnički kilometri, mil.",1.326
2017.0,Cestovni prijevoz,"Putnički kilometri, mil.",1.245
2018.0,Cestovni prijevoz,"Putnički kilometri, mil.",1.322
2019.0,Cestovni prijevoz,"Putnički kilometri, mil.",1.39
2020.0,Cestovni prijevoz,"Putnički kilometri, mil.",535.0
2021.0,Cestovni prijevoz,"Putnički kilometri, mil.",713.0
2022.0,Cestovni prijevoz,"Putnički kilometri, mil.",1021.0
2023.0,Cestovni prijevoz,"Putnički kilometri, mil.",1.067
2013.0,Cestovni prijevoz,"Prevezena roba, hilj. tona",4.164
2014.0,Cestovni prijevoz,"Prevezena roba, hilj. tona",4.686
2015.0,Cestovni prijevoz,"Prevezena roba, hilj. tona",5.77
2016.0,Cestovni prijevoz,"Prevezena roba, hilj. tona",5.855
2017.0,Cestovni prijevoz,"Prevezena roba, hilj. tona",6.103
2018.0,Cestovni prijevoz,"Prevezena roba, hilj. tona",6.254
2019.0,Cestovni prijevoz,"Prevezena roba, hilj. tona",6.325
2020.0,Cestovni prijevoz,"Prevezena roba, hilj. tona",5.849
2021.0,Cestovni prijevoz,"Prevezena roba, hilj. tona",6.022
2022.0,Cestovni prijevoz,"Prevezena roba, hilj. tona",6.645
2023.0,Cestovni prijevoz,"Prevezena roba, hilj. tona",6.981
2013.0,Cestovni prijevoz,"Tonski kilometri, mil.",1.638
2014.0,Cestovni prijevoz,"Tonski kilometri, mil.",2.05
2015.0,Cestovni prijevoz,"Tonski kilometri, mil.",2.448
2016.0,Cestovni prijevoz,"Tonski kilometri, mil.",2.674
2017.0,Cestovni prijevoz,"Tonski kilometri, mil.",2.735
2018.0,Cestovni prijevoz,"Tonski kilometri, mil.",2.836
2019.0,Cestovni prijevoz,"Tonski kilometri, mil.",2.903
2020.0,Cestovni prijevoz,"Tonski kilometri, mil.",2.555
2021.0,Cestovni prijevoz,"Tonski kilometri, mil.",2.981
2022.0,Cestovni prijevoz,"Tonski kilometri, mil.",3.208
2023.0,Cestovni prijevoz,"Tonski kilometri, mil.",3.212
2013.0,Struktura prijevoza robe po vrstama prijevoza,Prijevoz željeznicom,66.2
2014.0,Struktura prijevoza robe po vrstama prijevoza,Prijevoz željeznicom,64.5
2015.0,Struktura prijevoza robe po vrstama prijevoza,Prijevoz željeznicom,60.2
2016.0,Struktura prijevoza robe po vrstama prijevoza,Prijevoz željeznicom,59.9
2017.0,Struktura prijevoza robe po vrstama prijevoza,Prijevoz željeznicom,58.8
2018.0,Struktura prijevoza robe po vrstama prijevoza,Prijevoz željeznicom,58.9
2019.0,Struktura prijevoza robe po vrstama prijevoza,Prijevoz željeznicom,58.6
2020.0,Struktura prijevoza robe po vrstama prijevoza,Prijevoz željeznicom,56.6
2021.0,Struktura prijevoza robe po vrstama prijevoza,Prijevoz željeznicom,56.8
2022.0,Struktura prijevoza robe po vrstama prijevoza,Prijevoz željeznicom,54.3
2023.0,Struktura prijevoza robe po vrstama prijevoza,Prijevoz željeznicom,50.0
2013.0,Struktura prijevoza robe po vrstama prijevoza,Cestovni prijevoz robe,33.8
2014.0,Struktura prijevoza robe po vrstama prijevoza,Cestovni prijevoz robe,35.5
2015.0,Struktura prijevoza robe po vrstama prijevoza,Cestovni prijevoz robe,39.8
2016.0,Struktura prijevoza robe po vrstama prijevoza,Cestovni prijevoz robe,40.1
2017.0,Struktura prijevoza robe po vrstama prijevoza,Cestovni prijevoz robe,41.2
2018.0,Struktura prijevoza robe po vrstama prijevoza,Cestovni prijevoz robe,41.1
2019.0,Struktura prijevoza robe po vrstama prijevoza,Cestovni prijevoz robe,41.4
2020.0,Struktura prijevoza robe po vrstama prijevoza,Cestovni prijevoz robe,56.6
2021.0,Struktura prijevoza robe po vrstama prijevoza,Cestovni prijevoz robe,56.8
2022.0,Struktura prijevoza robe po vrstama prijevoza,Cestovni prijevoz robe,54.3
2023.0,Struktura prijevoza robe po vrstama prijevoza,Cestovni prijevoz robe,50.0
,,,
,,,
