Year,SERIES,UNIT_MEASURE,Privredna aktivnost,Value
2013.0,"Učešće bruto dodane vrijednosti prerađivačke industrije u BDP-u, tekuće cijene",Procenat,Proizvodnja,12.2
2014.0,"Učešće bruto dodane vrijednosti prerađivačke industrije u BDP-u, tekuće cijene",Procenat,Proizvodnja,12.1
2015.0,"Učešće bruto dodane vrijednosti prerađivačke industrije u BDP-u, tekuće cijene",Procenat,Proizvodnja,12.6
2016.0,"Učešće bruto dodane vrijednosti prerađivačke industrije u BDP-u, tekuće cijene",Procenat,Proizvodnja,13.2
2017.0,"Učešće bruto dodane vrijednosti prerađivačke industrije u BDP-u, tekuće cijene",Procenat,Proizvodnja,14.1
2018.0,"Učešće bruto dodane vrijednosti prerađivačke industrije u BDP-u, tekuće cijene",Procenat,Proizvodnja,14.1
2019.0,"Učešće bruto dodane vrijednosti prerađivačke industrije u BDP-u, tekuće cijene",Procenat,Proizvodnja,13.6
2020.0,"Učešće bruto dodane vrijednosti prerađivačke industrije u BDP-u, tekuće cijene",Procenat,Proizvodnja,14.1
2021.0,"Učešće bruto dodane vrijednosti prerađivačke industrije u BDP-u, tekuće cijene",Procenat,Proizvodnja,15.6
2022.0,"Učešće bruto dodane vrijednosti prerađivačke industrije u BDP-u, tekuće cijene",Procenat,Proizvodnja,15.9
2013.0,"Bruto dodana vrijednost prerađivačke industrije, učešće u BDP- po glavi stanovnika",Hiljade,Proizvodnja,951.6
2014.0,"Bruto dodana vrijednost prerađivačke industrije, učešće u BDP- po glavi stanovnika",Hiljade,Proizvodnja,973.4
2015.0,"Bruto dodana vrijednost prerađivačke industrije, učešće u BDP- po glavi stanovnika",Hiljade,Proizvodnja,1065.9
2016.0,"Bruto dodana vrijednost prerađivačke industrije, učešće u BDP- po glavi stanovnika",Hiljade,Proizvodnja,1172.2
2017.0,"Bruto dodana vrijednost prerađivačke industrije, učešće u BDP- po glavi stanovnika",Hiljade,Proizvodnja,1312.8
2018.0,"Bruto dodana vrijednost prerađivačke industrije, učešće u BDP- po glavi stanovnika",Hiljade,Proizvodnja,1415.6
2019.0,"Bruto dodana vrijednost prerađivačke industrije, učešće u BDP- po glavi stanovnika",Hiljade,Proizvodnja,1435.6
2020.0,"Bruto dodana vrijednost prerađivačke industrije, učešće u BDP- po glavi stanovnika",Hiljade,Proizvodnja,1440.8
2021.0,"Bruto dodana vrijednost prerađivačke industrije, učešće u BDP- po glavi stanovnika",Hiljade,Proizvodnja,1818.5
2022.0,"Bruto dodana vrijednost prerađivačke industrije, učešće u BDP- po glavi stanovnika",Hiljade,Proizvodnja,2165.5
,,,,
,,,,
,,,,
,,,,
,,,,
,,,,
,,,,
,,,,
,,,,
,,,,
,,,,
,,,,
,,,,
,,,,
,,,,
,,,,
,,,,
,,,,
,,,,
,,,,
,,,,
,,,,
,,,,
,,,,
,,,,
,,,,
,,,,
,,,,
,,,,
,,,,
,,,,
,,,,
,,,,
,,,,
,,,,
,,,,
,,,,
,,,,
,,,,
,,,,
,,,,
,,,,
,,,,
,,,,
,,,,
,,,,
,,,,
,,,,
